Index,True_Labels,Predicted_Labels,Image_Path
0,Adventure|Biography|Drama,Action|Adventure,output_predictions/image_0.jpg
1,Drama,Drama,output_predictions/image_1.jpg
2,Comedy|Drama,Drama,output_predictions/image_2.jpg
3,Documentary|Music,Drama,output_predictions/image_3.jpg
4,Documentary|Family|History,Drama,output_predictions/image_4.jpg
5,Action|Crime|Thriller,Drama,output_predictions/image_5.jpg
6,Adventure|Sci-Fi|Thriller,,output_predictions/image_6.jpg
7,Drama|Thriller,Drama,output_predictions/image_7.jpg
8,Comedy|Family|Romance,Comedy,output_predictions/image_8.jpg
9,Comedy|Drama|Romance,Comedy|Drama,output_predictions/image_9.jpg
10,Comedy|Drama,,output_predictions/image_10.jpg
11,Comedy|Romance,Comedy|Drama,output_predictions/image_11.jpg
12,Documentary,Drama,output_predictions/image_12.jpg
13,Crime|Drama|Fantasy,,output_predictions/image_13.jpg
14,Comedy|Horror,,output_predictions/image_14.jpg
15,Comedy|Drama|Musical,Adventure|Comedy,output_predictions/image_15.jpg
16,Action|Horror|Romance,Drama,output_predictions/image_16.jpg
17,Drama|Romance,Drama,output_predictions/image_17.jpg
18,Drama,Drama,output_predictions/image_18.jpg
19,Drama|Romance|Sci-Fi,,output_predictions/image_19.jpg
20,Comedy,Comedy|Drama,output_predictions/image_20.jpg
21,Comedy|Drama|Romance,Comedy,output_predictions/image_21.jpg
22,Biography|Comedy|Crime,Comedy,output_predictions/image_22.jpg
23,Comedy,Comedy|Drama,output_predictions/image_23.jpg
24,Comedy|Crime,,output_predictions/image_24.jpg
25,Action|Sci-Fi|Thriller,,output_predictions/image_25.jpg
26,Crime|Drama,Drama,output_predictions/image_26.jpg
27,Comedy|Horror,,output_predictions/image_27.jpg
28,Action|Crime|Thriller,Drama,output_predictions/image_28.jpg
29,Comedy,Drama,output_predictions/image_29.jpg
30,Comedy|Drama|Musical,Comedy,output_predictions/image_30.jpg
31,Comedy|Drama|Romance,Comedy|Drama,output_predictions/image_31.jpg
32,Crime|Drama,Action,output_predictions/image_32.jpg
33,Adventure|Comedy|Family,,output_predictions/image_33.jpg
34,Adventure|Comedy|Drama,Comedy,output_predictions/image_34.jpg
35,Comedy,Comedy,output_predictions/image_35.jpg
36,Fantasy|Mystery|Thriller,Drama,output_predictions/image_36.jpg
37,Horror|Mystery,Drama,output_predictions/image_37.jpg
38,Comedy|Horror|Mystery,,output_predictions/image_38.jpg
39,Comedy|War,Drama,output_predictions/image_39.jpg
40,Documentary,Drama,output_predictions/image_40.jpg
41,Drama|Family|Thriller,Drama,output_predictions/image_41.jpg
42,Action|Crime|Thriller,Drama,output_predictions/image_42.jpg
43,Adventure|Comedy,Comedy,output_predictions/image_43.jpg
44,Documentary|History|News,Drama,output_predictions/image_44.jpg
45,Crime|Drama|Thriller,Comedy|Drama,output_predictions/image_45.jpg
46,Comedy|Drama,,output_predictions/image_46.jpg
47,Comedy|Horror|Thriller,Drama,output_predictions/image_47.jpg
48,Documentary,Drama,output_predictions/image_48.jpg
49,Drama|Horror|Sci-Fi,Drama,output_predictions/image_49.jpg
50,Action|Comedy|Romance,,output_predictions/image_50.jpg
51,Drama,Drama,output_predictions/image_51.jpg
52,Action|Adventure|Comedy,Comedy,output_predictions/image_52.jpg
53,Action|Drama|Thriller,Action,output_predictions/image_53.jpg
54,Thriller|Western,Crime|Drama,output_predictions/image_54.jpg
55,Comedy|Crime|Drama,Comedy|Drama,output_predictions/image_55.jpg
56,Drama,Comedy|Drama,output_predictions/image_56.jpg
57,Action|Comedy|Crime,Crime,output_predictions/image_57.jpg
58,Animation|Biography|Drama,Comedy,output_predictions/image_58.jpg
59,Drama|Music|Romance,Comedy,output_predictions/image_59.jpg
60,Documentary|History,,output_predictions/image_60.jpg
61,Crime|Mystery|Thriller,,output_predictions/image_61.jpg
62,Comedy|Fantasy,Adventure|Comedy,output_predictions/image_62.jpg
63,Comedy|Crime|Drama,Comedy,output_predictions/image_63.jpg
64,Action|Adventure|Mystery,Drama,output_predictions/image_64.jpg
65,Comedy|Drama,,output_predictions/image_65.jpg
66,Comedy,Comedy,output_predictions/image_66.jpg
67,Mystery,Drama,output_predictions/image_67.jpg
68,Action|Adventure|Animation,Adventure,output_predictions/image_68.jpg
69,Action|Comedy,Comedy,output_predictions/image_69.jpg
70,Action|Comedy,Comedy,output_predictions/image_70.jpg
71,Drama,Drama,output_predictions/image_71.jpg
72,Comedy|Romance,Drama,output_predictions/image_72.jpg
73,Comedy|Family,Comedy,output_predictions/image_73.jpg
74,Action|Comedy|Sci-Fi,Action|Adventure,output_predictions/image_74.jpg
75,Action|Drama|Thriller,Drama,output_predictions/image_75.jpg
76,Crime|Drama,Drama,output_predictions/image_76.jpg
77,Comedy|Horror,,output_predictions/image_77.jpg
78,Drama|War,Drama,output_predictions/image_78.jpg
79,Adventure|Animation|Family,Comedy,output_predictions/image_79.jpg
80,Drama|Music|Romance,Drama,output_predictions/image_80.jpg
81,Drama|Music,Comedy,output_predictions/image_81.jpg
82,Documentary|Horror|Thriller,,output_predictions/image_82.jpg
83,Action|Adventure|Sci-Fi,,output_predictions/image_83.jpg
84,Crime|Drama|Thriller,Action,output_predictions/image_84.jpg
85,Action|Crime|Drama,,output_predictions/image_85.jpg
86,Action|Comedy|Crime,Comedy,output_predictions/image_86.jpg
87,Drama|Romance,Drama,output_predictions/image_87.jpg
88,Documentary|Family|Sport,Drama,output_predictions/image_88.jpg
89,Animation|Comedy|Family,Adventure|Comedy,output_predictions/image_89.jpg
90,Crime|Drama|Romance,Comedy,output_predictions/image_90.jpg
91,Drama,,output_predictions/image_91.jpg
92,Comedy|Documentary,Comedy,output_predictions/image_92.jpg
93,Drama|Fantasy|Horror,Drama,output_predictions/image_93.jpg
94,Adventure|Drama|Fantasy,Drama,output_predictions/image_94.jpg
95,Crime|Documentary|Drama,Drama,output_predictions/image_95.jpg
96,Comedy|Crime,,output_predictions/image_96.jpg
97,Action|Comedy|Crime,Comedy,output_predictions/image_97.jpg
98,Adventure|Comedy|Family,Adventure,output_predictions/image_98.jpg
99,Action|Sport,,output_predictions/image_99.jpg
100,Action|Romance|Thriller,Comedy|Drama,output_predictions/image_100.jpg
101,Comedy|Drama,Drama,output_predictions/image_101.jpg
102,Drama|History|War,Adventure,output_predictions/image_102.jpg
103,Comedy,Comedy,output_predictions/image_103.jpg
104,Action|Comedy,Comedy,output_predictions/image_104.jpg
105,Comedy|Drama,Action,output_predictions/image_105.jpg
106,Adventure|Comedy|Crime,Comedy,output_predictions/image_106.jpg
107,Documentary,Drama,output_predictions/image_107.jpg
108,Comedy|Sci-Fi,,output_predictions/image_108.jpg
109,Horror,,output_predictions/image_109.jpg
110,Drama|Horror,,output_predictions/image_110.jpg
111,Comedy|Drama,Comedy|Drama,output_predictions/image_111.jpg
112,Comedy,,output_predictions/image_112.jpg
113,Comedy,Comedy,output_predictions/image_113.jpg
114,Documentary,Comedy,output_predictions/image_114.jpg
115,Documentary|Drama|News,Drama,output_predictions/image_115.jpg
116,Drama|Romance,,output_predictions/image_116.jpg
117,Crime|Thriller,Drama,output_predictions/image_117.jpg
118,Drama|History|War,Drama,output_predictions/image_118.jpg
119,Crime|Drama|Thriller,Drama,output_predictions/image_119.jpg
120,Adventure|Animation|Comedy,,output_predictions/image_120.jpg
121,Drama|Mystery|Thriller,Drama,output_predictions/image_121.jpg
122,Comedy,Comedy,output_predictions/image_122.jpg
123,Action|Adventure|Fantasy,,output_predictions/image_123.jpg
124,Crime|Documentary|Mystery,Drama,output_predictions/image_124.jpg
125,Action|Adventure|Drama,,output_predictions/image_125.jpg
126,Action|Horror,,output_predictions/image_126.jpg
127,Comedy|Drama|Thriller,Comedy|Drama,output_predictions/image_127.jpg
128,Comedy|Drama,Drama,output_predictions/image_128.jpg
129,Drama|Thriller,Comedy|Drama,output_predictions/image_129.jpg
130,Drama|Romance|War,Comedy|Drama,output_predictions/image_130.jpg
131,Drama|Western,Comedy,output_predictions/image_131.jpg
132,Drama|Family|Sport,Drama,output_predictions/image_132.jpg
133,Adventure|Family|Fantasy,,output_predictions/image_133.jpg
134,Comedy,Comedy,output_predictions/image_134.jpg
135,Action|Crime|Drama,Crime|Drama,output_predictions/image_135.jpg
136,Comedy|Drama|Family,Comedy|Drama,output_predictions/image_136.jpg
137,Comedy|Music|Romance,,output_predictions/image_137.jpg
138,Comedy|Crime|Drama,,output_predictions/image_138.jpg
139,Biography|Drama,Comedy,output_predictions/image_139.jpg
140,Action|Crime|Mystery,Drama,output_predictions/image_140.jpg
141,Documentary|Short,Comedy|Drama,output_predictions/image_141.jpg
142,Mystery|Thriller,Drama,output_predictions/image_142.jpg
143,Comedy|Drama|Romance,Comedy,output_predictions/image_143.jpg
144,Comedy|Drama|Romance,Comedy,output_predictions/image_144.jpg
145,Crime|Drama,Drama,output_predictions/image_145.jpg
146,Biography|Documentary,Drama,output_predictions/image_146.jpg
147,Drama,Drama,output_predictions/image_147.jpg
148,Drama|Sport,Comedy,output_predictions/image_148.jpg
149,Action|Crime|Drama,,output_predictions/image_149.jpg
150,Drama|Romance,,output_predictions/image_150.jpg
151,Crime|Drama|Mystery,,output_predictions/image_151.jpg
152,Documentary|History|News,Drama,output_predictions/image_152.jpg
153,Crime|Drama,,output_predictions/image_153.jpg
154,Drama,,output_predictions/image_154.jpg
155,Drama|Musical|Romance,Drama,output_predictions/image_155.jpg
156,Biography|Documentary|History,Drama,output_predictions/image_156.jpg
157,Crime|Drama|Thriller,,output_predictions/image_157.jpg
158,Adventure|Comedy|Drama,Drama,output_predictions/image_158.jpg
159,Mystery|Thriller,,output_predictions/image_159.jpg
160,Comedy,Comedy,output_predictions/image_160.jpg
161,Biography|Comedy|Crime,Drama,output_predictions/image_161.jpg
162,Horror|Sci-Fi|Thriller,Drama,output_predictions/image_162.jpg
163,Comedy|Documentary,Comedy,output_predictions/image_163.jpg
164,Drama|War,Drama,output_predictions/image_164.jpg
165,Documentary,Drama,output_predictions/image_165.jpg
166,Comedy|Drama,Drama,output_predictions/image_166.jpg
167,Comedy,Comedy,output_predictions/image_167.jpg
168,Drama|Sport,Comedy|Drama,output_predictions/image_168.jpg
169,Drama,Comedy|Drama,output_predictions/image_169.jpg
170,Documentary,Drama,output_predictions/image_170.jpg
171,Comedy|Family|Fantasy,Comedy,output_predictions/image_171.jpg
172,Crime|Mystery|Thriller,,output_predictions/image_172.jpg
173,Comedy,Comedy,output_predictions/image_173.jpg
174,Action|Crime|Drama,Adventure,output_predictions/image_174.jpg
175,Drama|Sport,Drama,output_predictions/image_175.jpg
176,Action|Horror|Thriller,,output_predictions/image_176.jpg
177,Comedy|Romance,Drama,output_predictions/image_177.jpg
178,Comedy,,output_predictions/image_178.jpg
179,Comedy|Drama|Romance,Comedy,output_predictions/image_179.jpg
180,Comedy|Drama|Fantasy,Drama,output_predictions/image_180.jpg
181,Comedy|Drama,Drama,output_predictions/image_181.jpg
182,Comedy|Music,Drama,output_predictions/image_182.jpg
183,Comedy,Drama,output_predictions/image_183.jpg
184,Comedy|Romance,Drama,output_predictions/image_184.jpg
185,Comedy|Drama|Music,,output_predictions/image_185.jpg
186,Action|Adventure|Comedy,Comedy,output_predictions/image_186.jpg
187,Drama|Mystery|Thriller,,output_predictions/image_187.jpg
188,Drama|Mystery|Romance,Drama,output_predictions/image_188.jpg
189,Drama,Drama,output_predictions/image_189.jpg
190,Crime|Drama|Mystery,Drama,output_predictions/image_190.jpg
191,Short,Drama,output_predictions/image_191.jpg
192,Drama|Romance,Drama,output_predictions/image_192.jpg
193,Comedy|Crime|Drama,Comedy,output_predictions/image_193.jpg
194,Comedy|Drama|Family,Action|Adventure,output_predictions/image_194.jpg
195,Comedy|Drama|Musical,,output_predictions/image_195.jpg
196,Drama|Thriller,Drama,output_predictions/image_196.jpg
197,Drama|Fantasy,Drama,output_predictions/image_197.jpg
198,Adventure|Comedy|Drama,Comedy,output_predictions/image_198.jpg
199,Comedy|Crime|Fantasy,Drama,output_predictions/image_199.jpg
200,Drama|Thriller,Drama,output_predictions/image_200.jpg
201,Comedy|Romance,Comedy|Drama,output_predictions/image_201.jpg
202,Comedy,Comedy,output_predictions/image_202.jpg
203,Drama|Romance,Drama,output_predictions/image_203.jpg
204,Action|Comedy,Comedy,output_predictions/image_204.jpg
205,Action|Crime|Drama,,output_predictions/image_205.jpg
206,Drama|Sport,Drama,output_predictions/image_206.jpg
207,Drama|Romance|Western,Drama,output_predictions/image_207.jpg
208,Drama|Thriller,Drama,output_predictions/image_208.jpg
209,Drama|Mystery|Thriller,Drama,output_predictions/image_209.jpg
210,Drama|Romance,Comedy,output_predictions/image_210.jpg
211,Comedy|Crime,Comedy,output_predictions/image_211.jpg
212,Horror,,output_predictions/image_212.jpg
213,Drama|Thriller,Drama,output_predictions/image_213.jpg
214,Biography|Crime|Documentary,Comedy,output_predictions/image_214.jpg
215,Drama|Romance,,output_predictions/image_215.jpg
216,Action|Thriller,,output_predictions/image_216.jpg
217,Adventure|Biography|Documentary,Drama,output_predictions/image_217.jpg
218,Action|Adventure|Horror,Action|Adventure,output_predictions/image_218.jpg
219,Drama|Fantasy|Horror,Comedy|Drama,output_predictions/image_219.jpg
220,Drama,,output_predictions/image_220.jpg
221,Comedy|Romance,Comedy|Drama,output_predictions/image_221.jpg
222,Action|Comedy,Comedy,output_predictions/image_222.jpg
223,Comedy|Musical|Romance,Drama,output_predictions/image_223.jpg
224,Comedy,Comedy,output_predictions/image_224.jpg
225,Adventure|Animation|Family,Adventure,output_predictions/image_225.jpg
226,Drama|Horror|Sci-Fi,,output_predictions/image_226.jpg
227,Drama,Drama,output_predictions/image_227.jpg
228,Drama|Romance,Drama,output_predictions/image_228.jpg
229,Drama|Family|Fantasy,,output_predictions/image_229.jpg
230,Comedy|Drama|Romance,Drama,output_predictions/image_230.jpg
231,Drama|Romance|Sport,,output_predictions/image_231.jpg
232,Action|Drama|War,Adventure,output_predictions/image_232.jpg
233,Comedy,,output_predictions/image_233.jpg
234,Comedy|Drama|Romance,Comedy|Drama,output_predictions/image_234.jpg
235,Comedy,Comedy|Drama,output_predictions/image_235.jpg
236,Drama|Romance,Comedy|Drama|Romance,output_predictions/image_236.jpg
237,Biography|Drama|War,Comedy|Drama,output_predictions/image_237.jpg
238,Comedy|Music|Romance,Comedy,output_predictions/image_238.jpg
239,Action|Drama|Thriller,Drama,output_predictions/image_239.jpg
240,Drama,Drama,output_predictions/image_240.jpg
241,Biography|Crime|Drama,,output_predictions/image_241.jpg
242,Action|Drama|Sci-Fi,Drama,output_predictions/image_242.jpg
243,Action|Mystery|Sci-Fi,,output_predictions/image_243.jpg
244,Action|Adventure|Comedy,Action,output_predictions/image_244.jpg
245,Drama,Drama,output_predictions/image_245.jpg
246,Action|Crime|Drama,Drama,output_predictions/image_246.jpg
247,Documentary|History,Comedy,output_predictions/image_247.jpg
248,Action|Fantasy|Mystery,Drama,output_predictions/image_248.jpg
249,Comedy,Drama,output_predictions/image_249.jpg
250,Comedy|Drama|Fantasy,Comedy,output_predictions/image_250.jpg
251,Comedy,Drama,output_predictions/image_251.jpg
252,Adventure|Animation|Drama,Adventure|Animation|Comedy,output_predictions/image_252.jpg
253,Action|Crime|Drama,Drama,output_predictions/image_253.jpg
254,Comedy|Romance|Sport,Comedy,output_predictions/image_254.jpg
255,Comedy|Drama,Comedy|Drama,output_predictions/image_255.jpg
256,Action|Adventure|Thriller,Drama,output_predictions/image_256.jpg
257,Comedy|Crime,Action|Comedy,output_predictions/image_257.jpg
258,Comedy,Comedy|Drama,output_predictions/image_258.jpg
259,Action|Adventure|Romance,Drama,output_predictions/image_259.jpg
260,Documentary|History|Music,Drama,output_predictions/image_260.jpg
261,Drama,,output_predictions/image_261.jpg
262,Crime|Drama|Thriller,Drama,output_predictions/image_262.jpg
263,Drama|Romance|Western,Drama,output_predictions/image_263.jpg
264,Comedy|Drama,Comedy,output_predictions/image_264.jpg
265,Thriller,Drama,output_predictions/image_265.jpg
266,Comedy|Drama|Romance,Comedy|Drama,output_predictions/image_266.jpg
267,Fantasy|Horror|Thriller,Drama,output_predictions/image_267.jpg
268,Biography|Drama|History,Drama,output_predictions/image_268.jpg
269,Comedy|Sport,Comedy,output_predictions/image_269.jpg
270,Comedy|Drama,Drama,output_predictions/image_270.jpg
271,Crime|Drama|Mystery,,output_predictions/image_271.jpg
272,Action|Adventure|Romance,Drama,output_predictions/image_272.jpg
273,Action|Thriller,Drama,output_predictions/image_273.jpg
274,Comedy|Crime,Comedy|Drama,output_predictions/image_274.jpg
275,Adventure|Family,Comedy,output_predictions/image_275.jpg
276,Comedy|Drama|Romance,Comedy|Drama,output_predictions/image_276.jpg
277,Action|Comedy,Adventure|Comedy,output_predictions/image_277.jpg
278,Comedy|Drama|Romance,Comedy,output_predictions/image_278.jpg
279,Documentary,Drama,output_predictions/image_279.jpg
280,Comedy|Drama,Comedy|Drama,output_predictions/image_280.jpg
281,Adventure|Family|Fantasy,Drama,output_predictions/image_281.jpg
282,Documentary,Drama,output_predictions/image_282.jpg
283,Documentary,Drama,output_predictions/image_283.jpg
284,Drama,Drama,output_predictions/image_284.jpg
285,Documentary,Drama,output_predictions/image_285.jpg
286,Comedy|Crime|Drama,Drama,output_predictions/image_286.jpg
287,Drama,Drama,output_predictions/image_287.jpg
288,Comedy|Romance,Drama,output_predictions/image_288.jpg
289,Action|Drama|Thriller,Action|Adventure,output_predictions/image_289.jpg
290,Comedy|Drama,Drama,output_predictions/image_290.jpg
291,Comedy|Romance,Comedy,output_predictions/image_291.jpg
292,Drama|Sport,Drama,output_predictions/image_292.jpg
293,Crime|Drama,Drama,output_predictions/image_293.jpg
294,Drama,Comedy|Drama|Romance,output_predictions/image_294.jpg
295,Adventure|Comedy|Family,Comedy,output_predictions/image_295.jpg
296,Drama,Drama,output_predictions/image_296.jpg
297,Comedy,Adventure|Comedy,output_predictions/image_297.jpg
298,Action|Adventure|Comedy,Comedy,output_predictions/image_298.jpg
299,Biography|Drama,Comedy|Drama,output_predictions/image_299.jpg
300,Crime|Drama|Romance,Comedy|Drama,output_predictions/image_300.jpg
301,Comedy|Drama|Romance,Comedy|Drama,output_predictions/image_301.jpg
302,Drama|Romance,Drama,output_predictions/image_302.jpg
303,Thriller,Drama,output_predictions/image_303.jpg
304,Action|Drama|Musical,Action|Adventure,output_predictions/image_304.jpg
305,Comedy,Comedy,output_predictions/image_305.jpg
306,Drama|Music,,output_predictions/image_306.jpg
307,Comedy|Crime|Drama,Drama,output_predictions/image_307.jpg
308,Action|Adventure|Animation,Adventure,output_predictions/image_308.jpg
309,Drama|War,,output_predictions/image_309.jpg
310,Comedy|Crime,Comedy,output_predictions/image_310.jpg
311,Drama|Family|Sport,Drama,output_predictions/image_311.jpg
312,Action|Crime|Fantasy,Action|Adventure,output_predictions/image_312.jpg
313,Comedy|Drama|Romance,Drama,output_predictions/image_313.jpg
314,Comedy|Drama|Romance,Comedy,output_predictions/image_314.jpg
315,Adventure|Biography|Drama,Drama,output_predictions/image_315.jpg
316,Drama|History,Drama,output_predictions/image_316.jpg
317,Comedy|Drama,Comedy|Drama,output_predictions/image_317.jpg
318,Adventure|Comedy|Crime,Adventure|Animation|Comedy,output_predictions/image_318.jpg
319,Comedy|Family|Fantasy,,output_predictions/image_319.jpg
320,Comedy|Crime|Drama,Comedy,output_predictions/image_320.jpg
321,Action|Crime|Thriller,Drama,output_predictions/image_321.jpg
322,Comedy,Drama,output_predictions/image_322.jpg
323,Comedy|Drama|Romance,Drama,output_predictions/image_323.jpg
324,Horror|Thriller,,output_predictions/image_324.jpg
325,Documentary,,output_predictions/image_325.jpg
326,Drama|Thriller,Crime,output_predictions/image_326.jpg
327,Drama|Romance,,output_predictions/image_327.jpg
328,Musical|Romance,Drama,output_predictions/image_328.jpg
329,Drama|Musical,,output_predictions/image_329.jpg
330,Action|Crime|Thriller,Action|Adventure,output_predictions/image_330.jpg
331,Horror|Thriller,Drama,output_predictions/image_331.jpg
332,Comedy|Family|Music,Comedy,output_predictions/image_332.jpg
333,Comedy|Musical|Romance,Comedy,output_predictions/image_333.jpg
334,Action|Crime|Drama,,output_predictions/image_334.jpg
335,Action|Horror|Sci-Fi,Adventure,output_predictions/image_335.jpg
336,Documentary|Short,,output_predictions/image_336.jpg
337,Drama|Romance,Drama,output_predictions/image_337.jpg
338,Comedy,Drama,output_predictions/image_338.jpg
339,Comedy|Drama|Romance,Drama,output_predictions/image_339.jpg
340,Comedy|Drama|Romance,Comedy,output_predictions/image_340.jpg
341,Comedy|Crime,Comedy|Drama,output_predictions/image_341.jpg
342,Comedy,Comedy,output_predictions/image_342.jpg
343,Comedy|Romance,Drama,output_predictions/image_343.jpg
344,Comedy|Crime|Romance,Drama,output_predictions/image_344.jpg
345,Horror|Mystery|Thriller,Drama,output_predictions/image_345.jpg
346,Horror|Sci-Fi|Thriller,,output_predictions/image_346.jpg
347,Comedy|Drama,Drama,output_predictions/image_347.jpg
348,Drama|Family,Drama,output_predictions/image_348.jpg
349,Drama,Drama,output_predictions/image_349.jpg
350,Action|Sci-Fi|Sport,Action|Adventure,output_predictions/image_350.jpg
351,Drama|Musical|Romance,Comedy|Drama,output_predictions/image_351.jpg
352,Drama|Romance,Drama,output_predictions/image_352.jpg
353,Comedy|Sci-Fi,Adventure|Comedy,output_predictions/image_353.jpg
354,Drama,Drama,output_predictions/image_354.jpg
355,Adventure,Drama,output_predictions/image_355.jpg
356,Crime|Documentary,Drama,output_predictions/image_356.jpg
357,Drama,Comedy|Drama,output_predictions/image_357.jpg
358,Comedy|Romance,Comedy|Drama,output_predictions/image_358.jpg
359,Documentary|Sport,Adventure,output_predictions/image_359.jpg
360,Crime|Horror|Thriller,,output_predictions/image_360.jpg
361,Action|Crime|Drama,,output_predictions/image_361.jpg
362,Documentary|History|War,Drama,output_predictions/image_362.jpg
363,Comedy|Crime|Drama,Drama,output_predictions/image_363.jpg
364,Adventure|Animation|Comedy,Adventure|Comedy,output_predictions/image_364.jpg
365,Comedy|Romance,Comedy|Drama,output_predictions/image_365.jpg
366,Comedy|Romance,Drama,output_predictions/image_366.jpg
367,Drama|Fantasy,Drama,output_predictions/image_367.jpg
368,Action|Adventure|Family,Adventure|Comedy,output_predictions/image_368.jpg
369,Drama|Music,,output_predictions/image_369.jpg
370,Documentary|Music,Drama,output_predictions/image_370.jpg
371,Crime|Drama,Drama,output_predictions/image_371.jpg
372,Documentary,,output_predictions/image_372.jpg
373,Drama,,output_predictions/image_373.jpg
374,Comedy|Romance|Sport,Comedy,output_predictions/image_374.jpg
375,Drama|Mystery|Thriller,Drama,output_predictions/image_375.jpg
376,Action|Crime|Drama,,output_predictions/image_376.jpg
377,Drama,,output_predictions/image_377.jpg
378,Documentary,,output_predictions/image_378.jpg
379,Comedy|Crime|Mystery,Comedy,output_predictions/image_379.jpg
380,Adventure|Comedy,Comedy,output_predictions/image_380.jpg
381,Comedy|Drama,,output_predictions/image_381.jpg
382,Drama,Action,output_predictions/image_382.jpg
383,Action,Adventure,output_predictions/image_383.jpg
384,Action|Adventure|Animation,Action|Adventure,output_predictions/image_384.jpg
385,Comedy,Comedy,output_predictions/image_385.jpg
386,Drama|History|Romance,Comedy,output_predictions/image_386.jpg
387,Comedy|Drama|Romance,Comedy,output_predictions/image_387.jpg
388,Adventure|Animation|Comedy,Adventure,output_predictions/image_388.jpg
389,Comedy|Drama,Comedy|Drama|Romance,output_predictions/image_389.jpg
390,Crime|Drama|Mystery,Drama,output_predictions/image_390.jpg
391,Action|Crime|Drama,Action,output_predictions/image_391.jpg
392,Drama|Romance,Comedy|Drama,output_predictions/image_392.jpg
393,Animation|Comedy|Drama,Adventure|Animation|Comedy,output_predictions/image_393.jpg
394,Animation|Comedy|Family,Comedy,output_predictions/image_394.jpg
395,Comedy|Fantasy|Horror,,output_predictions/image_395.jpg
396,Comedy|Drama,Comedy,output_predictions/image_396.jpg
397,Comedy|Horror|Thriller,Adventure,output_predictions/image_397.jpg
398,Action|Sci-Fi|Thriller,Drama,output_predictions/image_398.jpg
399,Action|Comedy|Thriller,Drama,output_predictions/image_399.jpg
400,Drama|Music|Romance,Drama,output_predictions/image_400.jpg
401,Action|Adventure|Thriller,,output_predictions/image_401.jpg
402,Drama|Romance,Drama,output_predictions/image_402.jpg
403,Action|Comedy,,output_predictions/image_403.jpg
404,Crime|Drama|Thriller,Drama,output_predictions/image_404.jpg
405,Comedy|Drama,Drama,output_predictions/image_405.jpg
406,Comedy|Drama,Drama,output_predictions/image_406.jpg
407,Action|Adventure|Comedy,Action|Adventure,output_predictions/image_407.jpg
408,Drama|Romance,Drama,output_predictions/image_408.jpg
409,Crime|Drama|Mystery,Drama,output_predictions/image_409.jpg
410,Action|Crime|Drama,,output_predictions/image_410.jpg
411,Comedy|Drama|Romance,Comedy|Drama,output_predictions/image_411.jpg
412,Comedy|Drama|Romance,Drama,output_predictions/image_412.jpg
413,Comedy|Drama|Romance,Comedy,output_predictions/image_413.jpg
414,Crime|Thriller,,output_predictions/image_414.jpg
415,Action|Comedy|Drama,,output_predictions/image_415.jpg
416,Action|Family|Sport,Comedy,output_predictions/image_416.jpg
417,Documentary,Drama,output_predictions/image_417.jpg
418,Comedy|Crime|Drama,Drama,output_predictions/image_418.jpg
419,Comedy|Drama|Romance,Drama,output_predictions/image_419.jpg
420,Adventure|Sci-Fi|Thriller,,output_predictions/image_420.jpg
421,Adventure|Animation|Comedy,Adventure,output_predictions/image_421.jpg
422,Comedy|Drama|Romance,Comedy,output_predictions/image_422.jpg
423,Comedy,Comedy|Drama,output_predictions/image_423.jpg
424,Comedy|Drama,Comedy,output_predictions/image_424.jpg
425,Action|Crime|Drama,Drama,output_predictions/image_425.jpg
426,Action|Crime|Thriller,,output_predictions/image_426.jpg
427,Adventure|Drama|Thriller,Drama,output_predictions/image_427.jpg
428,Comedy|Drama|Fantasy,Drama,output_predictions/image_428.jpg
429,Action|Drama|Romance,Drama,output_predictions/image_429.jpg
430,Drama|Romance,Comedy|Drama,output_predictions/image_430.jpg
431,Comedy|Drama|Family,Comedy,output_predictions/image_431.jpg
432,Adventure|Comedy|Family,Drama,output_predictions/image_432.jpg
433,Comedy|Crime|Thriller,Comedy|Drama,output_predictions/image_433.jpg
434,Comedy|Drama|Romance,Comedy|Drama,output_predictions/image_434.jpg
435,Comedy,Comedy,output_predictions/image_435.jpg
436,Drama,Drama,output_predictions/image_436.jpg
437,Adventure|Animation|Drama,Adventure|Comedy,output_predictions/image_437.jpg
438,Documentary,Drama,output_predictions/image_438.jpg
439,Comedy|Drama|Romance,Comedy|Drama,output_predictions/image_439.jpg
440,Drama|Romance|War,Drama,output_predictions/image_440.jpg
441,Comedy|Horror|Sci-Fi,,output_predictions/image_441.jpg
442,Action|Adventure|Mystery,Action|Adventure,output_predictions/image_442.jpg
443,Comedy|Sport,Comedy,output_predictions/image_443.jpg
444,Horror,Adventure,output_predictions/image_444.jpg
445,Comedy|Romance,Comedy|Drama,output_predictions/image_445.jpg
446,Biography|Drama|Romance,Comedy,output_predictions/image_446.jpg
447,Action|Crime|Drama,Action,output_predictions/image_447.jpg
448,Drama,Drama,output_predictions/image_448.jpg
449,Drama,Drama,output_predictions/image_449.jpg
450,Action|Crime|Romance,Comedy,output_predictions/image_450.jpg
451,Documentary,Drama,output_predictions/image_451.jpg
452,Action|Comedy|Crime,Crime,output_predictions/image_452.jpg
453,Crime|Drama|Thriller,,output_predictions/image_453.jpg
454,Comedy|Mystery,Comedy,output_predictions/image_454.jpg
455,Action|Adventure|Fantasy,Drama,output_predictions/image_455.jpg
456,Action|Crime|Drama,Drama,output_predictions/image_456.jpg
457,Action|Adventure|Drama,Drama,output_predictions/image_457.jpg
458,Comedy|Romance,Comedy,output_predictions/image_458.jpg
459,Drama|Romance,Drama,output_predictions/image_459.jpg
460,Drama|Horror|Sci-Fi,,output_predictions/image_460.jpg
461,Crime|Drama|Mystery,Drama,output_predictions/image_461.jpg
462,Action,,output_predictions/image_462.jpg
463,Crime|Drama|Thriller,Comedy|Drama,output_predictions/image_463.jpg
464,Documentary,,output_predictions/image_464.jpg
465,Documentary,Drama,output_predictions/image_465.jpg
466,Action|Adventure|Sci-Fi,Adventure,output_predictions/image_466.jpg
467,Comedy|Western,Comedy,output_predictions/image_467.jpg
468,Comedy|Crime|Fantasy,Drama,output_predictions/image_468.jpg
469,Comedy|Romance,,output_predictions/image_469.jpg
470,Comedy|Drama,Comedy,output_predictions/image_470.jpg
471,Comedy,Comedy|Drama,output_predictions/image_471.jpg
472,Crime|Drama|Thriller,Drama,output_predictions/image_472.jpg
473,Action|Adventure|Thriller,Drama,output_predictions/image_473.jpg
474,Action|Crime|Drama,Comedy,output_predictions/image_474.jpg
475,Comedy|Romance,Comedy|Drama,output_predictions/image_475.jpg
476,Drama|Fantasy|Horror,,output_predictions/image_476.jpg
477,Action|Crime|Drama,Action|Crime,output_predictions/image_477.jpg
478,Comedy|Drama|Mystery,Comedy,output_predictions/image_478.jpg
479,Comedy|Romance,Comedy,output_predictions/image_479.jpg
480,Drama|Mystery|Thriller,Drama,output_predictions/image_480.jpg
481,Adventure|Animation|Family,Adventure|Comedy,output_predictions/image_481.jpg
482,Adventure|Animation|Comedy,Comedy,output_predictions/image_482.jpg
483,Comedy|Crime|Music,Comedy,output_predictions/image_483.jpg
484,Comedy|Drama|Family,Comedy,output_predictions/image_484.jpg
485,Comedy|Drama|Family,Comedy,output_predictions/image_485.jpg
486,Action|Drama|Thriller,Drama,output_predictions/image_486.jpg
487,Action|Drama|Sport,,output_predictions/image_487.jpg
488,Biography|Drama|History,,output_predictions/image_488.jpg
489,Action|Fantasy,Comedy,output_predictions/image_489.jpg
490,Drama|Mystery|Thriller,,output_predictions/image_490.jpg
491,Crime|Drama|Mystery,Drama,output_predictions/image_491.jpg
492,Comedy|Music,Comedy,output_predictions/image_492.jpg
493,Documentary,,output_predictions/image_493.jpg
494,Action|Adventure|Comedy,Crime,output_predictions/image_494.jpg
495,Adventure|Comedy|Drama,Adventure|Comedy,output_predictions/image_495.jpg
496,Crime|Mystery|Thriller,Drama,output_predictions/image_496.jpg
497,Action|Comedy|Crime,,output_predictions/image_497.jpg
498,Drama|Family,Comedy,output_predictions/image_498.jpg
499,Crime|Drama|Thriller,Drama,output_predictions/image_499.jpg
500,Drama|Romance,Drama,output_predictions/image_500.jpg
501,Documentary|Music,Comedy,output_predictions/image_501.jpg
502,Animation|Comedy|Family,Adventure|Comedy,output_predictions/image_502.jpg
503,Comedy|Drama,Drama,output_predictions/image_503.jpg
504,Musical|Romance,Comedy|Drama,output_predictions/image_504.jpg
505,Drama,Comedy,output_predictions/image_505.jpg
506,Comedy|Drama|Romance,Comedy,output_predictions/image_506.jpg
507,Documentary,Drama,output_predictions/image_507.jpg
508,Drama,Drama,output_predictions/image_508.jpg
509,Horror|Mystery|Thriller,Drama,output_predictions/image_509.jpg
510,Action|Drama|Thriller,,output_predictions/image_510.jpg
511,Adventure|Comedy|Sport,Adventure,output_predictions/image_511.jpg
512,Drama|Romance,Comedy|Drama,output_predictions/image_512.jpg
513,Comedy|Drama,Comedy,output_predictions/image_513.jpg
514,Comedy|Romance,Comedy,output_predictions/image_514.jpg
515,Action|Comedy|Crime,,output_predictions/image_515.jpg
516,Comedy|Family,Comedy,output_predictions/image_516.jpg
517,Comedy|Fantasy|Horror,Drama,output_predictions/image_517.jpg
518,Biography|Drama|Music,Drama,output_predictions/image_518.jpg
519,Action|Adventure|Animation,Adventure|Animation|Comedy,output_predictions/image_519.jpg
520,Drama|Romance,Drama,output_predictions/image_520.jpg
521,Drama|Romance,Drama,output_predictions/image_521.jpg
522,Drama|Music,,output_predictions/image_522.jpg
523,Crime|Drama|Horror,Comedy|Drama,output_predictions/image_523.jpg
524,Crime|Thriller,,output_predictions/image_524.jpg
525,Horror,Drama,output_predictions/image_525.jpg
526,Drama|Fantasy|Romance,Drama,output_predictions/image_526.jpg
527,Action|Comedy|Thriller,,output_predictions/image_527.jpg
528,Action|Crime|Drama,Comedy|Drama,output_predictions/image_528.jpg
529,Documentary,Comedy,output_predictions/image_529.jpg
530,Comedy,Comedy|Drama,output_predictions/image_530.jpg
531,Biography|Documentary|Sport,Drama,output_predictions/image_531.jpg
532,Comedy,Comedy,output_predictions/image_532.jpg
533,Comedy|Romance,Comedy,output_predictions/image_533.jpg
534,Comedy|Drama,Drama,output_predictions/image_534.jpg
535,Action|Crime|Drama,Comedy,output_predictions/image_535.jpg
536,Action|Comedy|Drama,Drama,output_predictions/image_536.jpg
537,Adventure|Animation|Biography,,output_predictions/image_537.jpg
538,Comedy|Romance,Comedy,output_predictions/image_538.jpg
539,Action|Sci-Fi|Thriller,,output_predictions/image_539.jpg
540,Comedy,Comedy,output_predictions/image_540.jpg
541,Action|Drama|Horror,,output_predictions/image_541.jpg
542,Drama|Romance|Sci-Fi,Drama,output_predictions/image_542.jpg
543,Action|Comedy|Crime,,output_predictions/image_543.jpg
544,Drama|Music,,output_predictions/image_544.jpg
545,Action|Drama|History,,output_predictions/image_545.jpg
546,Comedy|Drama,Drama,output_predictions/image_546.jpg
547,Comedy,Comedy|Drama|Romance,output_predictions/image_547.jpg
548,Drama,Comedy|Drama,output_predictions/image_548.jpg
549,Animation|Comedy|Crime,Adventure|Animation|Comedy,output_predictions/image_549.jpg
550,Drama,Drama,output_predictions/image_550.jpg
551,Comedy|Drama|Romance,,output_predictions/image_551.jpg
552,Action|Fantasy|Horror,Adventure,output_predictions/image_552.jpg
553,Adventure|Drama,Action,output_predictions/image_553.jpg
554,Comedy|Drama,Comedy,output_predictions/image_554.jpg
555,Comedy|Drama|Romance,Comedy,output_predictions/image_555.jpg
556,Comedy|Drama,Comedy|Drama,output_predictions/image_556.jpg
557,Action|Drama|Sci-Fi,Action,output_predictions/image_557.jpg
558,Animation|Drama|Family,Adventure|Comedy,output_predictions/image_558.jpg
559,Animation,Adventure|Animation|Comedy,output_predictions/image_559.jpg
560,Comedy|Drama|Romance,Comedy|Drama,output_predictions/image_560.jpg
561,Documentary|Music,Comedy,output_predictions/image_561.jpg
562,Comedy|Drama|Romance,Comedy|Drama,output_predictions/image_562.jpg
563,Biography|Drama|History,Drama,output_predictions/image_563.jpg
564,Comedy|Mystery,Comedy,output_predictions/image_564.jpg
565,Horror,Drama,output_predictions/image_565.jpg
566,Drama,Drama,output_predictions/image_566.jpg
567,Comedy|Drama|Romance,Comedy,output_predictions/image_567.jpg
568,Action|Adventure|Horror,Adventure,output_predictions/image_568.jpg
569,Action|Thriller|War,Comedy,output_predictions/image_569.jpg
570,Drama|Music|Romance,Action|Adventure,output_predictions/image_570.jpg
571,Adventure|Drama,,output_predictions/image_571.jpg
572,Comedy|Crime|Drama,Comedy,output_predictions/image_572.jpg
573,Comedy|Family|Romance,Comedy,output_predictions/image_573.jpg
574,Action|Crime|Thriller,Comedy,output_predictions/image_574.jpg
575,Drama|Romance,Drama,output_predictions/image_575.jpg
576,Comedy|Mystery|Sci-Fi,Action,output_predictions/image_576.jpg
577,Animation|Comedy|Drama,Comedy,output_predictions/image_577.jpg
578,Drama|Sport,Drama,output_predictions/image_578.jpg
579,Comedy,Comedy,output_predictions/image_579.jpg
580,Animation|Family|Fantasy,,output_predictions/image_580.jpg
581,Biography|Drama|History,Drama,output_predictions/image_581.jpg
582,Adventure|Biography|Documentary,Drama,output_predictions/image_582.jpg
583,Adventure|Comedy|Mystery,,output_predictions/image_583.jpg
584,Action|Crime|Thriller,Drama,output_predictions/image_584.jpg
585,Comedy|Drama|Music,Drama,output_predictions/image_585.jpg
586,Comedy,Comedy,output_predictions/image_586.jpg
587,Comedy,Drama,output_predictions/image_587.jpg
588,Action|Comedy|Crime,Comedy,output_predictions/image_588.jpg
589,Biography|Drama|Romance,Drama,output_predictions/image_589.jpg
590,Comedy|Documentary,Action,output_predictions/image_590.jpg
591,Documentary|History,Comedy,output_predictions/image_591.jpg
592,Drama|War,Drama,output_predictions/image_592.jpg
593,Drama,Drama,output_predictions/image_593.jpg
594,Drama|Family|Sport,Drama,output_predictions/image_594.jpg
595,Documentary,Comedy|Drama,output_predictions/image_595.jpg
596,Adventure|Fantasy|Horror,Comedy,output_predictions/image_596.jpg
597,Comedy|Family,Comedy,output_predictions/image_597.jpg
598,Comedy|Crime,Drama,output_predictions/image_598.jpg
599,Drama,Drama,output_predictions/image_599.jpg
600,Comedy|Mystery,Comedy,output_predictions/image_600.jpg
601,Adventure|Animation|Comedy,Adventure|Animation|Comedy,output_predictions/image_601.jpg
602,Comedy,Comedy,output_predictions/image_602.jpg
603,Comedy|Drama,Drama,output_predictions/image_603.jpg
604,Biography|Documentary,Comedy|Drama,output_predictions/image_604.jpg
605,Crime|Drama|Fantasy,,output_predictions/image_605.jpg
606,Comedy|Crime|Drama,Drama,output_predictions/image_606.jpg
607,Comedy,Comedy,output_predictions/image_607.jpg
608,Crime|Drama|Music,,output_predictions/image_608.jpg
609,Comedy|Drama,Comedy|Drama,output_predictions/image_609.jpg
610,Comedy,Comedy,output_predictions/image_610.jpg
611,Biography|Documentary|History,Drama,output_predictions/image_611.jpg
612,Action|Drama|History,,output_predictions/image_612.jpg
613,Drama,Comedy|Drama,output_predictions/image_613.jpg
614,Action|Family|Romance,Drama,output_predictions/image_614.jpg
615,Action|Crime|Drama,Drama,output_predictions/image_615.jpg
616,Comedy|Music,Comedy|Drama,output_predictions/image_616.jpg
617,Adventure|Family|Sci-Fi,,output_predictions/image_617.jpg
618,Comedy|Drama,Drama,output_predictions/image_618.jpg
619,Drama|Western,Drama,output_predictions/image_619.jpg
620,Comedy|Drama,Comedy,output_predictions/image_620.jpg
621,Action|Comedy|Musical,Drama,output_predictions/image_621.jpg
622,Crime|Documentary|History,Drama,output_predictions/image_622.jpg
623,Comedy|Horror,Comedy|Drama,output_predictions/image_623.jpg
624,Comedy|Drama|Mystery,Drama,output_predictions/image_624.jpg
625,Action|Fantasy|Sci-Fi,,output_predictions/image_625.jpg
626,Action|Adventure|Crime,Drama,output_predictions/image_626.jpg
627,Biography|Documentary|Sport,,output_predictions/image_627.jpg
628,Adventure|Animation|Comedy,Comedy,output_predictions/image_628.jpg
629,Comedy|Romance,Comedy|Drama,output_predictions/image_629.jpg
630,Drama|Horror|Sci-Fi,Drama,output_predictions/image_630.jpg
631,Drama|Musical|Romance,Drama,output_predictions/image_631.jpg
632,Comedy|Romance,Comedy,output_predictions/image_632.jpg
633,Comedy|Crime|Drama,Crime|Drama,output_predictions/image_633.jpg
634,Biography|Documentary,Drama,output_predictions/image_634.jpg
635,Crime|Drama|Romance,Comedy,output_predictions/image_635.jpg
636,Comedy,Drama,output_predictions/image_636.jpg
637,Comedy|Family|Romance,Comedy,output_predictions/image_637.jpg
638,Crime|Drama|Romance,Drama,output_predictions/image_638.jpg
639,Comedy|Drama|Romance,Comedy|Drama,output_predictions/image_639.jpg
640,Drama,Comedy,output_predictions/image_640.jpg
641,Documentary,Comedy,output_predictions/image_641.jpg
642,Biography|Documentary|Mystery,Drama,output_predictions/image_642.jpg
643,Comedy|Drama|Romance,Drama,output_predictions/image_643.jpg
644,Comedy|Family|Fantasy,Comedy|Drama,output_predictions/image_644.jpg
645,Comedy|Drama|Sport,Comedy,output_predictions/image_645.jpg
646,Comedy|Romance,Comedy,output_predictions/image_646.jpg
647,Biography|Documentary|Music,Drama,output_predictions/image_647.jpg
648,Action|Drama|Sci-Fi,,output_predictions/image_648.jpg
649,Drama|History|Sport,Drama,output_predictions/image_649.jpg
650,Adventure|Animation|Family,Adventure,output_predictions/image_650.jpg
651,Horror|Sci-Fi,,output_predictions/image_651.jpg
652,Comedy|Crime|Romance,Comedy|Drama,output_predictions/image_652.jpg
653,Action|Drama|Fantasy,Drama,output_predictions/image_653.jpg
654,Action|Adventure|Comedy,Comedy,output_predictions/image_654.jpg
655,History,Drama,output_predictions/image_655.jpg
656,Comedy|Drama|Romance,Comedy|Drama,output_predictions/image_656.jpg
657,Comedy|Crime|Sci-Fi,Comedy|Drama,output_predictions/image_657.jpg
658,Comedy|Drama,Drama,output_predictions/image_658.jpg
659,Action|Comedy|Fantasy,Drama,output_predictions/image_659.jpg
660,Biography|Comedy|Drama,Drama,output_predictions/image_660.jpg
661,Comedy|Drama|Romance,Drama,output_predictions/image_661.jpg
662,Action,Crime|Drama,output_predictions/image_662.jpg
663,Drama|Horror|Mystery,Drama,output_predictions/image_663.jpg
664,Comedy,Drama,output_predictions/image_664.jpg
665,Crime|Drama|Thriller,Comedy|Drama,output_predictions/image_665.jpg
666,Biography|Comedy|Crime,Comedy,output_predictions/image_666.jpg
667,Comedy|Drama|Music,Drama,output_predictions/image_667.jpg
668,Comedy|Drama|Romance,Comedy|Drama,output_predictions/image_668.jpg
669,Crime|Horror|Mystery,,output_predictions/image_669.jpg
670,Comedy|Crime|Family,Comedy|Drama,output_predictions/image_670.jpg
671,Comedy|Romance,Comedy|Drama,output_predictions/image_671.jpg
672,Comedy|Drama|Romance,Comedy|Drama,output_predictions/image_672.jpg
673,Comedy,Comedy,output_predictions/image_673.jpg
674,Documentary,Comedy,output_predictions/image_674.jpg
675,Documentary|War,Drama,output_predictions/image_675.jpg
676,Drama,Comedy,output_predictions/image_676.jpg
677,Crime|Thriller,Drama,output_predictions/image_677.jpg
678,Comedy|Music|Romance,Comedy,output_predictions/image_678.jpg
679,Action|Sci-Fi|Thriller,Drama,output_predictions/image_679.jpg
680,Action|Thriller,Action,output_predictions/image_680.jpg
681,Comedy,Comedy,output_predictions/image_681.jpg
682,Comedy,Comedy,output_predictions/image_682.jpg
683,Documentary,Drama,output_predictions/image_683.jpg
684,Action|Comedy|Crime,Drama,output_predictions/image_684.jpg
685,Drama|Fantasy|Musical,Comedy,output_predictions/image_685.jpg
686,Action|Biography|Drama,Comedy,output_predictions/image_686.jpg
687,Music|War,,output_predictions/image_687.jpg
688,Comedy|Crime|Horror,,output_predictions/image_688.jpg
689,Horror,Drama,output_predictions/image_689.jpg
690,Action|Crime|Thriller,,output_predictions/image_690.jpg
691,Comedy|Drama,Comedy,output_predictions/image_691.jpg
692,Action|Drama|War,,output_predictions/image_692.jpg
693,Documentary,Drama,output_predictions/image_693.jpg
694,Comedy,Drama,output_predictions/image_694.jpg
695,Drama,Drama,output_predictions/image_695.jpg
696,Action|Sport,,output_predictions/image_696.jpg
697,Action|Adventure,Drama,output_predictions/image_697.jpg
698,Action|Horror|Thriller,,output_predictions/image_698.jpg
699,Adventure|Documentary,Drama,output_predictions/image_699.jpg
700,Comedy|Romance,Comedy|Drama,output_predictions/image_700.jpg
701,Comedy|Fantasy,Comedy,output_predictions/image_701.jpg
702,Drama,Drama,output_predictions/image_702.jpg
703,Drama|Romance,Drama,output_predictions/image_703.jpg
704,Documentary|Drama,Drama,output_predictions/image_704.jpg
705,Action|Comedy|Crime,Drama,output_predictions/image_705.jpg
706,Drama,Drama,output_predictions/image_706.jpg
707,Action|Crime|Drama,Comedy,output_predictions/image_707.jpg
708,Drama|Romance|Thriller,Drama,output_predictions/image_708.jpg
709,Comedy,Comedy,output_predictions/image_709.jpg
710,Comedy|Crime|Drama,Drama,output_predictions/image_710.jpg
711,Comedy|Crime|Thriller,Comedy,output_predictions/image_711.jpg
712,Adventure|Animation|Comedy,Comedy,output_predictions/image_712.jpg
713,Action|Adventure|Comedy,,output_predictions/image_713.jpg
714,Comedy|Crime,Drama,output_predictions/image_714.jpg
715,Action|Adventure|Comedy,,output_predictions/image_715.jpg
716,Action|Drama|Thriller,Action,output_predictions/image_716.jpg
717,Action|Comedy,Comedy,output_predictions/image_717.jpg
718,Drama|Thriller,Drama,output_predictions/image_718.jpg
719,Comedy|Romance,Comedy,output_predictions/image_719.jpg
720,Drama,Drama,output_predictions/image_720.jpg
721,Drama,Drama,output_predictions/image_721.jpg
722,Drama,,output_predictions/image_722.jpg
723,Comedy|Drama|Music,Comedy,output_predictions/image_723.jpg
724,Comedy|Documentary,Drama,output_predictions/image_724.jpg
725,Drama|Romance,Comedy|Drama,output_predictions/image_725.jpg
726,Action|Adventure|Sci-Fi,Action|Adventure,output_predictions/image_726.jpg
727,Biography|Documentary|Music,Drama,output_predictions/image_727.jpg
728,Horror|Mystery|Thriller,,output_predictions/image_728.jpg
729,Crime|Drama|Thriller,,output_predictions/image_729.jpg
730,Comedy|Drama|Romance,Comedy|Drama,output_predictions/image_730.jpg
731,Drama|Mystery|Thriller,Drama,output_predictions/image_731.jpg
732,Comedy|Drama|Romance,Comedy|Drama,output_predictions/image_732.jpg
733,Drama|Musical|Romance,Drama,output_predictions/image_733.jpg
734,Horror,,output_predictions/image_734.jpg
735,Action|Comedy|Crime,Drama,output_predictions/image_735.jpg
736,Crime|Drama|Mystery,,output_predictions/image_736.jpg
737,Comedy,Comedy,output_predictions/image_737.jpg
738,Drama,Drama,output_predictions/image_738.jpg
739,Drama|War,Drama,output_predictions/image_739.jpg
740,Comedy|Family|Sport,Drama,output_predictions/image_740.jpg
741,Comedy|Mystery,Drama,output_predictions/image_741.jpg
742,Comedy|Crime,Drama,output_predictions/image_742.jpg
743,Documentary,Comedy,output_predictions/image_743.jpg
744,Adventure|Comedy|Sci-Fi,Drama,output_predictions/image_744.jpg
745,Drama,Drama,output_predictions/image_745.jpg
746,Comedy,Comedy,output_predictions/image_746.jpg
747,Adventure|Family|Fantasy,Drama,output_predictions/image_747.jpg
748,Comedy|Drama|Romance,Comedy|Drama,output_predictions/image_748.jpg
749,Action|Crime|Drama,Drama,output_predictions/image_749.jpg
750,Adventure|Comedy|Fantasy,,output_predictions/image_750.jpg
751,Horror|Mystery|Thriller,Drama,output_predictions/image_751.jpg
752,Comedy|Crime|Musical,Comedy,output_predictions/image_752.jpg
753,Drama|Family|Sport,Action,output_predictions/image_753.jpg
754,Biography|Drama|Sport,,output_predictions/image_754.jpg
755,Biography|Drama|History,Drama,output_predictions/image_755.jpg
756,Action|Thriller,,output_predictions/image_756.jpg
757,Drama|Romance,,output_predictions/image_757.jpg
758,Drama|Family|Romance,Drama,output_predictions/image_758.jpg
759,Drama,Comedy|Drama,output_predictions/image_759.jpg
760,Comedy,Comedy,output_predictions/image_760.jpg
761,Comedy,Comedy,output_predictions/image_761.jpg
762,Action|Adventure|Drama,Adventure,output_predictions/image_762.jpg
763,Documentary,Drama,output_predictions/image_763.jpg
764,Drama|Romance|Thriller,Drama,output_predictions/image_764.jpg
765,Adventure|Biography|Documentary,,output_predictions/image_765.jpg
766,Documentary|Musical,,output_predictions/image_766.jpg
767,Action|Adventure|Animation,Adventure|Comedy,output_predictions/image_767.jpg
768,Drama|Romance|Thriller,Drama,output_predictions/image_768.jpg
769,Comedy|Romance,Comedy|Drama,output_predictions/image_769.jpg
770,Action|Comedy|Crime,Drama,output_predictions/image_770.jpg
771,Action|Comedy|Fantasy,Drama,output_predictions/image_771.jpg
772,Action|Comedy|Crime,Comedy|Drama,output_predictions/image_772.jpg
773,Action|Thriller,Action,output_predictions/image_773.jpg
774,Documentary,Drama,output_predictions/image_774.jpg
775,Drama,Drama,output_predictions/image_775.jpg
776,Comedy|Family|Sport,Comedy,output_predictions/image_776.jpg
777,Crime|Thriller,,output_predictions/image_777.jpg
778,Fantasy|Horror|Thriller,Drama,output_predictions/image_778.jpg
779,Drama|Romance,Comedy|Drama,output_predictions/image_779.jpg
780,Adventure|Comedy|Romance,Comedy|Drama,output_predictions/image_780.jpg
781,Short,Drama,output_predictions/image_781.jpg
782,Action|Drama,Comedy,output_predictions/image_782.jpg
783,Biography|Drama|Music,Drama,output_predictions/image_783.jpg
784,Crime|Drama|Thriller,Drama,output_predictions/image_784.jpg
785,Drama|Fantasy|Mystery,Drama,output_predictions/image_785.jpg
786,Adventure|Drama|Romance,,output_predictions/image_786.jpg
787,Biography|Drama|Romance,Drama,output_predictions/image_787.jpg
788,Drama,Drama,output_predictions/image_788.jpg
789,Animation|Sci-Fi|Short,Adventure,output_predictions/image_789.jpg
790,Drama,Drama,output_predictions/image_790.jpg
791,Comedy|Drama|Music,Comedy,output_predictions/image_791.jpg
792,Comedy,Comedy,output_predictions/image_792.jpg
793,Comedy|Fantasy,,output_predictions/image_793.jpg
794,Horror,,output_predictions/image_794.jpg
795,Comedy|Romance,Action,output_predictions/image_795.jpg
796,Adventure|Animation|Comedy,Adventure|Animation|Comedy,output_predictions/image_796.jpg
797,Action|Adventure|Drama,,output_predictions/image_797.jpg
798,Drama|Sport,Drama,output_predictions/image_798.jpg
799,Action|Comedy|Sci-Fi,Adventure|Comedy,output_predictions/image_799.jpg
800,Comedy|Romance,Comedy,output_predictions/image_800.jpg
801,Biography|Drama|History,,output_predictions/image_801.jpg
802,Action|Sci-Fi|Thriller,Drama,output_predictions/image_802.jpg
803,Comedy|Romance,Comedy,output_predictions/image_803.jpg
804,Drama|Music|Romance,Comedy|Drama,output_predictions/image_804.jpg
805,Drama|Romance,Drama,output_predictions/image_805.jpg
806,Documentary|Music,Drama,output_predictions/image_806.jpg
807,Adventure|Family|Fantasy,Comedy|Drama,output_predictions/image_807.jpg
808,Action|Comedy|Crime,Comedy,output_predictions/image_808.jpg
809,Comedy|Drama,Drama,output_predictions/image_809.jpg
810,Comedy|Drama|Music,,output_predictions/image_810.jpg
811,Fantasy,Adventure,output_predictions/image_811.jpg
812,Biography|Comedy|Drama,Comedy|Drama,output_predictions/image_812.jpg
813,Comedy|Romance,Comedy|Drama,output_predictions/image_813.jpg
814,Comedy|Sci-Fi,Comedy,output_predictions/image_814.jpg
815,Comedy,Drama,output_predictions/image_815.jpg
816,Action|Comedy|Fantasy,Comedy,output_predictions/image_816.jpg
817,Adventure|Comedy|Musical,Comedy,output_predictions/image_817.jpg
818,Comedy|Romance,Comedy|Drama,output_predictions/image_818.jpg
819,Documentary|Music,Drama,output_predictions/image_819.jpg
820,Action|Adventure|Thriller,Drama,output_predictions/image_820.jpg
821,Adventure|Family,Drama,output_predictions/image_821.jpg
822,Drama|Romance,Drama,output_predictions/image_822.jpg
823,Comedy|Drama,Drama,output_predictions/image_823.jpg
824,Drama|Thriller,Drama,output_predictions/image_824.jpg
825,Drama|Western,Drama,output_predictions/image_825.jpg
826,Action|Adventure|Horror,,output_predictions/image_826.jpg
827,Action|Adventure|Fantasy,Adventure,output_predictions/image_827.jpg
828,Comedy|Western,Comedy,output_predictions/image_828.jpg
829,Documentary|Sport,Comedy,output_predictions/image_829.jpg
830,Documentary|Family|Mystery,,output_predictions/image_830.jpg
831,Documentary,Drama,output_predictions/image_831.jpg
832,Action|Comedy|Crime,Comedy,output_predictions/image_832.jpg
833,Comedy|Western,Adventure,output_predictions/image_833.jpg
834,Drama|Romance,Drama,output_predictions/image_834.jpg
835,Action|Thriller|War,,output_predictions/image_835.jpg
836,Drama,Drama,output_predictions/image_836.jpg
837,Comedy|Romance,Comedy,output_predictions/image_837.jpg
838,Comedy|Crime|Mystery,Comedy,output_predictions/image_838.jpg
839,Action|Adventure|Sci-Fi,Drama,output_predictions/image_839.jpg
840,Action|Crime|Drama,Drama,output_predictions/image_840.jpg
841,Adventure|Comedy|Crime,Comedy|Drama,output_predictions/image_841.jpg
842,Comedy|Drama|Romance,Comedy,output_predictions/image_842.jpg
843,Comedy|Romance,Comedy,output_predictions/image_843.jpg
844,Animation|Comedy|Family,Comedy,output_predictions/image_844.jpg
845,Drama,Drama,output_predictions/image_845.jpg
846,Crime|Drama|Mystery,Drama,output_predictions/image_846.jpg
847,Crime|Drama,Drama,output_predictions/image_847.jpg
848,Comedy|Drama|Romance,Comedy,output_predictions/image_848.jpg
849,Comedy|Sport,Comedy,output_predictions/image_849.jpg
850,Adventure|Animation|Comedy,Comedy,output_predictions/image_850.jpg
851,Comedy|Drama|Musical,Drama,output_predictions/image_851.jpg
852,Drama|Mystery|Sci-Fi,Drama,output_predictions/image_852.jpg
853,Comedy|Drama|Romance,Drama,output_predictions/image_853.jpg
854,Drama|Romance,Drama,output_predictions/image_854.jpg
855,Comedy|Drama|Romance,Comedy|Drama,output_predictions/image_855.jpg
856,Comedy|Documentary,Drama,output_predictions/image_856.jpg
857,Adventure|Comedy|Drama,Comedy|Drama,output_predictions/image_857.jpg
858,Mystery|Thriller,Drama,output_predictions/image_858.jpg
859,Comedy|Crime|Drama,Comedy,output_predictions/image_859.jpg
860,Crime|Drama|Thriller,,output_predictions/image_860.jpg
861,Drama|Romance,Drama,output_predictions/image_861.jpg
862,Comedy|Fantasy,Comedy,output_predictions/image_862.jpg
863,Action|Adventure|Sci-Fi,,output_predictions/image_863.jpg
864,Drama,Drama,output_predictions/image_864.jpg
865,Comedy|Romance|Sport,Comedy,output_predictions/image_865.jpg
866,Comedy|Family|Romance,Comedy,output_predictions/image_866.jpg
867,Comedy,Comedy,output_predictions/image_867.jpg
868,Adventure|Animation|Comedy,Comedy,output_predictions/image_868.jpg
869,Comedy|Drama|Romance,Comedy|Drama,output_predictions/image_869.jpg
870,Comedy,Comedy,output_predictions/image_870.jpg
871,Comedy|Documentary,Comedy,output_predictions/image_871.jpg
872,Biography|Drama,Drama,output_predictions/image_872.jpg
873,Action|Crime|Thriller,,output_predictions/image_873.jpg
874,Comedy,Drama,output_predictions/image_874.jpg
875,Action|Comedy|Crime,Action,output_predictions/image_875.jpg
876,Action|Adventure|Animation,Adventure,output_predictions/image_876.jpg
877,Documentary|News,Drama,output_predictions/image_877.jpg
878,Drama|Mystery|Thriller,Drama,output_predictions/image_878.jpg
879,Action|Adventure|Fantasy,Action|Adventure,output_predictions/image_879.jpg
880,Action|Comedy|Crime,Drama,output_predictions/image_880.jpg
881,Comedy|Drama,Drama,output_predictions/image_881.jpg
882,Comedy|Crime,Comedy|Drama,output_predictions/image_882.jpg
883,Documentary|History|War,,output_predictions/image_883.jpg
884,Crime|Drama|Mystery,,output_predictions/image_884.jpg
885,Comedy|Drama,Comedy|Drama,output_predictions/image_885.jpg
886,Comedy|Drama|Music,Comedy,output_predictions/image_886.jpg
887,Comedy|Drama,Comedy|Drama,output_predictions/image_887.jpg
888,Crime|Drama|Mystery,Comedy|Drama,output_predictions/image_888.jpg
889,Action|Adventure|Comedy,Comedy,output_predictions/image_889.jpg
890,Documentary,,output_predictions/image_890.jpg
891,Horror|Sci-Fi|Thriller,,output_predictions/image_891.jpg
892,Comedy|Musical,Comedy,output_predictions/image_892.jpg
893,Crime|Thriller,Drama,output_predictions/image_893.jpg
894,Action|Adventure|Sci-Fi,Drama,output_predictions/image_894.jpg
895,Crime|Drama|Mystery,Drama,output_predictions/image_895.jpg
896,Crime|Drama|Thriller,Drama,output_predictions/image_896.jpg
897,Documentary|War,Drama,output_predictions/image_897.jpg
898,Comedy|Drama|Fantasy,,output_predictions/image_898.jpg
899,Crime|Thriller,Crime|Drama,output_predictions/image_899.jpg
900,Action|Adventure|Comedy,Comedy,output_predictions/image_900.jpg
901,Comedy|Crime|Drama,Drama,output_predictions/image_901.jpg
902,Drama|Sci-Fi,,output_predictions/image_902.jpg
903,Documentary,Drama,output_predictions/image_903.jpg
904,Comedy|Drama,Drama,output_predictions/image_904.jpg
905,Drama|Thriller,Drama,output_predictions/image_905.jpg
906,Action|Adventure|Fantasy,,output_predictions/image_906.jpg
907,Action|Horror|Thriller,,output_predictions/image_907.jpg
908,Comedy|Drama|Western,Drama,output_predictions/image_908.jpg
909,Drama|Mystery|Romance,Drama,output_predictions/image_909.jpg
910,Comedy|Drama|Family,Comedy|Drama,output_predictions/image_910.jpg
911,Action|Drama|Thriller,Comedy,output_predictions/image_911.jpg
912,Comedy|Drama,Comedy,output_predictions/image_912.jpg
913,Adventure|Comedy|Family,,output_predictions/image_913.jpg
914,Biography|Documentary|History,Drama,output_predictions/image_914.jpg
915,Animation|Family,Drama,output_predictions/image_915.jpg
916,Comedy|Drama|Romance,Drama,output_predictions/image_916.jpg
917,Drama|War,,output_predictions/image_917.jpg
918,Comedy|Drama|Romance,Comedy|Drama,output_predictions/image_918.jpg
919,Drama,Comedy|Drama,output_predictions/image_919.jpg
920,Comedy|Romance,Comedy,output_predictions/image_920.jpg
921,Action|Crime|Drama,Drama,output_predictions/image_921.jpg
922,Comedy|Romance,Comedy|Drama,output_predictions/image_922.jpg
923,Drama,Drama,output_predictions/image_923.jpg
924,Crime|Drama|Mystery,Crime|Drama,output_predictions/image_924.jpg
925,Action|Drama|War,Drama,output_predictions/image_925.jpg
926,Comedy|Family|Fantasy,Adventure|Comedy,output_predictions/image_926.jpg
927,Drama,Comedy|Drama,output_predictions/image_927.jpg
928,Adventure|Family,Drama,output_predictions/image_928.jpg
929,Comedy,Drama,output_predictions/image_929.jpg
930,Crime|Thriller,Action|Adventure,output_predictions/image_930.jpg
931,Drama|Mystery|Romance,Drama,output_predictions/image_931.jpg
932,Horror,Adventure,output_predictions/image_932.jpg
933,Crime|Drama,Drama,output_predictions/image_933.jpg
934,Comedy|Crime|Romance,Drama,output_predictions/image_934.jpg
935,Action|Adventure|Thriller,Drama,output_predictions/image_935.jpg
936,Biography|Drama|War,Drama,output_predictions/image_936.jpg
937,Comedy|Crime|Romance,Comedy,output_predictions/image_937.jpg
938,Drama|Sport,Drama,output_predictions/image_938.jpg
939,Drama,Drama,output_predictions/image_939.jpg
940,Action|Crime|Mystery,,output_predictions/image_940.jpg
941,Comedy,Drama,output_predictions/image_941.jpg
942,Action|Crime|Thriller,,output_predictions/image_942.jpg
943,Action|Adventure|History,Drama,output_predictions/image_943.jpg
944,Action|Crime|Thriller,,output_predictions/image_944.jpg
945,Drama|Romance|Sport,Drama,output_predictions/image_945.jpg
946,Action|Adventure|Fantasy,,output_predictions/image_946.jpg
947,Action|Comedy|Crime,Comedy,output_predictions/image_947.jpg
948,Comedy|Drama,Drama,output_predictions/image_948.jpg
949,Comedy|Documentary,Comedy,output_predictions/image_949.jpg
950,Drama,Drama,output_predictions/image_950.jpg
951,Action|Crime|Drama,Drama,output_predictions/image_951.jpg
952,Drama,,output_predictions/image_952.jpg
953,Comedy|Romance,Drama,output_predictions/image_953.jpg
954,Comedy|Drama|Music,Drama,output_predictions/image_954.jpg
955,Crime|Drama|Thriller,,output_predictions/image_955.jpg
956,Drama,Drama,output_predictions/image_956.jpg
957,Comedy|Crime|Drama,Drama,output_predictions/image_957.jpg
958,Crime|Drama|Thriller,,output_predictions/image_958.jpg
959,Comedy|Drama,Comedy|Drama,output_predictions/image_959.jpg
960,Comedy|Horror|Sci-Fi,Drama,output_predictions/image_960.jpg
961,Comedy|Drama|Family,Comedy,output_predictions/image_961.jpg
962,Comedy|Drama|Music,Comedy,output_predictions/image_962.jpg
963,Animation|Drama|Fantasy,Drama,output_predictions/image_963.jpg
964,Romance,Drama,output_predictions/image_964.jpg
965,Action|Comedy|Crime,Comedy,output_predictions/image_965.jpg
966,Action|Adventure|Crime,,output_predictions/image_966.jpg
967,Drama,,output_predictions/image_967.jpg
968,Action|Thriller,Action,output_predictions/image_968.jpg
969,Documentary|Music,,output_predictions/image_969.jpg
970,Comedy|Romance,Comedy|Drama,output_predictions/image_970.jpg
971,Action|Sci-Fi,,output_predictions/image_971.jpg
972,Horror,Drama,output_predictions/image_972.jpg
973,Documentary,Drama,output_predictions/image_973.jpg
974,Biography|Documentary|Drama,Drama,output_predictions/image_974.jpg
975,Action|Adventure|Comedy,Comedy,output_predictions/image_975.jpg
976,Adventure|Drama|Family,Adventure,output_predictions/image_976.jpg
977,Drama|Fantasy|Horror,Drama,output_predictions/image_977.jpg
978,Drama|History|Romance,,output_predictions/image_978.jpg
979,Comedy|Romance,Adventure|Comedy,output_predictions/image_979.jpg
980,Drama|Thriller|War,Action,output_predictions/image_980.jpg
981,Action|Crime|Thriller,Action,output_predictions/image_981.jpg
982,Biography|Comedy|Crime,Drama,output_predictions/image_982.jpg
983,Action|Crime|Drama,Drama,output_predictions/image_983.jpg
984,Comedy,Comedy,output_predictions/image_984.jpg
985,Comedy|Crime,Comedy,output_predictions/image_985.jpg
986,Comedy,Drama,output_predictions/image_986.jpg
987,Documentary,,output_predictions/image_987.jpg
988,Comedy|Crime|Drama,Drama,output_predictions/image_988.jpg
989,Comedy|Drama|Romance,,output_predictions/image_989.jpg
990,Horror|Sci-Fi,,output_predictions/image_990.jpg
991,Drama|Mystery|Thriller,,output_predictions/image_991.jpg
992,Drama|Fantasy|Mystery,Comedy,output_predictions/image_992.jpg
993,Action|Comedy,Comedy,output_predictions/image_993.jpg
994,Action|Adventure|Drama,,output_predictions/image_994.jpg
995,Comedy|Documentary|News,,output_predictions/image_995.jpg
996,Action|Crime|Drama,Crime|Drama,output_predictions/image_996.jpg
997,Comedy|Crime|Drama,Comedy|Drama,output_predictions/image_997.jpg
998,Action|Crime|Drama,Drama,output_predictions/image_998.jpg
999,Family,Drama,output_predictions/image_999.jpg
1000,Comedy|Documentary,,output_predictions/image_1000.jpg
1001,Crime|Drama,Drama,output_predictions/image_1001.jpg
1002,Drama|Romance,Comedy,output_predictions/image_1002.jpg
1003,Action|Adventure|Comedy,Action|Adventure,output_predictions/image_1003.jpg
1004,Drama|Thriller,Drama,output_predictions/image_1004.jpg
1005,Crime|Drama|Horror,Drama,output_predictions/image_1005.jpg
1006,Comedy|Crime,Drama,output_predictions/image_1006.jpg
1007,Action|Horror|Sci-Fi,Drama,output_predictions/image_1007.jpg
1008,Documentary,Comedy,output_predictions/image_1008.jpg
1009,Action|Thriller,,output_predictions/image_1009.jpg
1010,Action|Crime|Fantasy,Action,output_predictions/image_1010.jpg
1011,Crime|Mystery|Thriller,Drama,output_predictions/image_1011.jpg
1012,Drama|Thriller,Comedy,output_predictions/image_1012.jpg
1013,Comedy,Comedy|Drama,output_predictions/image_1013.jpg
1014,Comedy|Drama|Romance,Comedy|Drama,output_predictions/image_1014.jpg
1015,Biography|Comedy|Documentary,Comedy|Drama,output_predictions/image_1015.jpg
1016,Action|Drama|Thriller,Comedy,output_predictions/image_1016.jpg
1017,Action|Adventure|Drama,Drama,output_predictions/image_1017.jpg
1018,Comedy|Drama,Comedy,output_predictions/image_1018.jpg
1019,Action|Sport,Comedy,output_predictions/image_1019.jpg
1020,Action|Crime|Drama,,output_predictions/image_1020.jpg
1021,Horror|Sci-Fi|Thriller,Drama,output_predictions/image_1021.jpg
1022,Comedy|Family,Comedy,output_predictions/image_1022.jpg
1023,Action|Crime|Drama,Drama,output_predictions/image_1023.jpg
1024,Crime|Drama|Thriller,Drama,output_predictions/image_1024.jpg
1025,Documentary,Drama,output_predictions/image_1025.jpg
1026,Adventure|Animation|Comedy,Comedy,output_predictions/image_1026.jpg
1027,Action|Adventure,Drama,output_predictions/image_1027.jpg
1028,Biography|Drama|History,Drama,output_predictions/image_1028.jpg
1029,Action|Thriller,,output_predictions/image_1029.jpg
1030,Comedy|Drama|Fantasy,Comedy|Drama,output_predictions/image_1030.jpg
1031,Documentary,,output_predictions/image_1031.jpg
1032,Action|Sci-Fi,Drama,output_predictions/image_1032.jpg
1033,Drama,Comedy,output_predictions/image_1033.jpg
1034,Comedy|Drama,Comedy,output_predictions/image_1034.jpg
1035,Action|Comedy|Crime,Action,output_predictions/image_1035.jpg
1036,Drama,Comedy|Drama,output_predictions/image_1036.jpg
1037,Comedy|Romance,Comedy,output_predictions/image_1037.jpg
1038,Action|Drama,Comedy,output_predictions/image_1038.jpg
1039,Comedy|Romance,Drama,output_predictions/image_1039.jpg
1040,Crime|Drama|Thriller,Drama,output_predictions/image_1040.jpg
1041,Comedy|Horror|Thriller,Drama,output_predictions/image_1041.jpg
1042,Horror|Thriller,Drama,output_predictions/image_1042.jpg
1043,Crime|Drama|Mystery,Drama,output_predictions/image_1043.jpg
1044,Drama|History|Thriller,Drama,output_predictions/image_1044.jpg
1045,Action|Adventure|Comedy,Adventure,output_predictions/image_1045.jpg
1046,Comedy|Romance,Comedy,output_predictions/image_1046.jpg
1047,Comedy|Romance,Comedy,output_predictions/image_1047.jpg
1048,Action|Biography|Drama,Drama,output_predictions/image_1048.jpg
1049,Horror,Drama,output_predictions/image_1049.jpg
1050,Drama|History|Romance,Drama,output_predictions/image_1050.jpg
1051,Biography|Drama,Comedy,output_predictions/image_1051.jpg
1052,Adventure|Comedy|Sci-Fi,Adventure,output_predictions/image_1052.jpg
1053,Documentary,Drama,output_predictions/image_1053.jpg
1054,Action|Crime|Drama,Action,output_predictions/image_1054.jpg
1055,Adventure|Animation|Comedy,Comedy,output_predictions/image_1055.jpg
1056,Adventure|Animation|Crime,Comedy,output_predictions/image_1056.jpg
1057,Comedy|Romance,Comedy|Drama,output_predictions/image_1057.jpg
1058,Action|Comedy|Crime,,output_predictions/image_1058.jpg
1059,Comedy|Music,Adventure,output_predictions/image_1059.jpg
1060,Documentary,Drama,output_predictions/image_1060.jpg
1061,Adventure|Animation|Comedy,Comedy,output_predictions/image_1061.jpg
1062,Documentary|History|Sport,,output_predictions/image_1062.jpg
1063,Biography|Documentary|History,Drama,output_predictions/image_1063.jpg
1064,Documentary,Comedy,output_predictions/image_1064.jpg
1065,Comedy|Drama|Romance,Comedy,output_predictions/image_1065.jpg
1066,Drama|Musical,Comedy,output_predictions/image_1066.jpg
1067,Action|Adventure|Crime,Action,output_predictions/image_1067.jpg
1068,Comedy|Romance|Sci-Fi,Drama,output_predictions/image_1068.jpg
1069,Comedy|Romance,Comedy|Drama,output_predictions/image_1069.jpg
1070,Comedy|Romance,Adventure,output_predictions/image_1070.jpg
1071,Comedy|Drama|Fantasy,Comedy|Drama,output_predictions/image_1071.jpg
1072,Comedy|Drama|Romance,Comedy|Drama,output_predictions/image_1072.jpg
1073,Comedy|Drama|Romance,,output_predictions/image_1073.jpg
1074,Comedy|Drama|Romance,Action,output_predictions/image_1074.jpg
1075,Action|Comedy,Comedy|Drama,output_predictions/image_1075.jpg
1076,Documentary|History|News,Drama,output_predictions/image_1076.jpg
1077,Comedy|Horror|Thriller,Drama,output_predictions/image_1077.jpg
1078,Comedy|Musical|Romance,Comedy,output_predictions/image_1078.jpg
1079,Documentary,Comedy|Drama,output_predictions/image_1079.jpg
1080,Action|Adventure|Romance,Action|Adventure,output_predictions/image_1080.jpg
1081,Drama|Fantasy|Horror,,output_predictions/image_1081.jpg
1082,Comedy|Romance,Comedy|Drama,output_predictions/image_1082.jpg
1083,Animation|Family|Fantasy,,output_predictions/image_1083.jpg
1084,Comedy|Family,Comedy,output_predictions/image_1084.jpg
1085,Action|Drama|Sport,,output_predictions/image_1085.jpg
1086,Documentary,Drama,output_predictions/image_1086.jpg
1087,Comedy|Mystery|Thriller,Drama,output_predictions/image_1087.jpg
1088,Drama|Romance|War,Drama,output_predictions/image_1088.jpg
1089,Action|Adventure|Horror,Drama,output_predictions/image_1089.jpg
1090,Action|Adventure|Animation,,output_predictions/image_1090.jpg
1091,Action|Comedy,Comedy,output_predictions/image_1091.jpg
1092,Comedy|Romance,Comedy|Drama,output_predictions/image_1092.jpg
1093,Drama,,output_predictions/image_1093.jpg
1094,Comedy|Drama|Romance,Drama,output_predictions/image_1094.jpg
1095,Drama|Thriller,Drama|Romance,output_predictions/image_1095.jpg
1096,Action|Adventure|Comedy,Comedy,output_predictions/image_1096.jpg
1097,Comedy|Documentary,Comedy,output_predictions/image_1097.jpg
1098,Action|Crime|Drama,Action,output_predictions/image_1098.jpg
1099,Comedy|Drama|Romance,Drama,output_predictions/image_1099.jpg
1100,Crime|Drama|Mystery,Drama,output_predictions/image_1100.jpg
1101,Biography|Drama,Drama,output_predictions/image_1101.jpg
1102,Drama,,output_predictions/image_1102.jpg
1103,Action|Drama|Sport,,output_predictions/image_1103.jpg
1104,Documentary,Drama,output_predictions/image_1104.jpg
1105,Biography|Drama|History,Drama,output_predictions/image_1105.jpg
1106,Action|Crime|Thriller,Drama,output_predictions/image_1106.jpg
1107,Drama|Mystery|Thriller,Drama,output_predictions/image_1107.jpg
1108,Comedy|Family|Fantasy,Drama,output_predictions/image_1108.jpg
1109,Crime|Documentary,Action|Crime,output_predictions/image_1109.jpg
1110,Biography|Documentary,Drama,output_predictions/image_1110.jpg
1111,Action|Sci-Fi,Action,output_predictions/image_1111.jpg
1112,Comedy|Fantasy,Comedy|Drama,output_predictions/image_1112.jpg
1113,Documentary,Drama,output_predictions/image_1113.jpg
1114,Comedy|Drama,Comedy,output_predictions/image_1114.jpg
1115,Comedy,Comedy,output_predictions/image_1115.jpg
1116,Drama|Romance,Comedy|Drama|Romance,output_predictions/image_1116.jpg
1117,Action|Crime|Drama,Action,output_predictions/image_1117.jpg
1118,Action|Drama,Drama,output_predictions/image_1118.jpg
1119,Biography|Drama,Drama,output_predictions/image_1119.jpg
1120,Documentary,Comedy|Drama,output_predictions/image_1120.jpg
1121,Animation|Comedy|Drama,Drama,output_predictions/image_1121.jpg
1122,Crime|Documentary,Drama,output_predictions/image_1122.jpg
1123,Drama,Drama,output_predictions/image_1123.jpg
1124,Drama|Thriller|War,Drama,output_predictions/image_1124.jpg
1125,Crime|Romance|Thriller,Drama,output_predictions/image_1125.jpg
1126,Drama|Sport,Drama,output_predictions/image_1126.jpg
1127,Biography|Crime|Drama,,output_predictions/image_1127.jpg
1128,Comedy|Drama|Romance,Comedy,output_predictions/image_1128.jpg
1129,Adventure|Drama,Drama,output_predictions/image_1129.jpg
1130,Drama|Romance|Western,Drama,output_predictions/image_1130.jpg
1131,Action|Comedy|Crime,Drama,output_predictions/image_1131.jpg
1132,Comedy|Crime,Comedy|Drama,output_predictions/image_1132.jpg
1133,Biography|Drama|Music,Drama,output_predictions/image_1133.jpg
1134,Comedy|Drama,Comedy|Drama,output_predictions/image_1134.jpg
1135,Animation|Comedy|Family,Comedy,output_predictions/image_1135.jpg
1136,Drama,Drama,output_predictions/image_1136.jpg
1137,Comedy|Drama,Comedy,output_predictions/image_1137.jpg
1138,Comedy|Horror,Comedy,output_predictions/image_1138.jpg
1139,Drama|Romance,Drama,output_predictions/image_1139.jpg
1140,Comedy|Horror,,output_predictions/image_1140.jpg
1141,Action|Adventure|Fantasy,,output_predictions/image_1141.jpg
1142,Adventure|Animation|Family,,output_predictions/image_1142.jpg
1143,Drama|Fantasy|Romance,Drama,output_predictions/image_1143.jpg
1144,Action|Crime|Sci-Fi,Action,output_predictions/image_1144.jpg
1145,Drama,Drama,output_predictions/image_1145.jpg
1146,Drama,Drama,output_predictions/image_1146.jpg
1147,Drama|Music,Drama,output_predictions/image_1147.jpg
1148,Biography|Crime|Documentary,Drama,output_predictions/image_1148.jpg
1149,Drama,,output_predictions/image_1149.jpg
1150,Comedy|Horror,Comedy,output_predictions/image_1150.jpg
1151,Documentary,Comedy,output_predictions/image_1151.jpg
1152,Biography|Drama|Thriller,Drama,output_predictions/image_1152.jpg
1153,Horror|Mystery|Thriller,,output_predictions/image_1153.jpg
1154,Comedy|Fantasy,Comedy,output_predictions/image_1154.jpg
1155,Crime|Drama,Drama,output_predictions/image_1155.jpg
1156,Drama|Family|Romance,Drama,output_predictions/image_1156.jpg
1157,Comedy|Drama,,output_predictions/image_1157.jpg
1158,Drama|Horror|Thriller,Comedy|Drama,output_predictions/image_1158.jpg
1159,Documentary,,output_predictions/image_1159.jpg
1160,Action|Mystery|Sci-Fi,Drama,output_predictions/image_1160.jpg
1161,Comedy|Crime,Comedy,output_predictions/image_1161.jpg
1162,Comedy|Drama|Music,Comedy,output_predictions/image_1162.jpg
1163,Western,,output_predictions/image_1163.jpg
1164,Comedy|Drama,Drama,output_predictions/image_1164.jpg
1165,Documentary,Drama,output_predictions/image_1165.jpg
1166,Drama,Drama,output_predictions/image_1166.jpg
1167,Action|Drama|Romance,Drama,output_predictions/image_1167.jpg
1168,Action|Crime|Drama,,output_predictions/image_1168.jpg
1169,Action|Crime|Drama,,output_predictions/image_1169.jpg
1170,Adventure|Animation|Comedy,,output_predictions/image_1170.jpg
1171,Action|Adventure|Comedy,,output_predictions/image_1171.jpg
1172,Comedy|Crime|Drama,,output_predictions/image_1172.jpg
1173,Drama|History,Drama,output_predictions/image_1173.jpg
1174,Drama|Thriller,,output_predictions/image_1174.jpg
1175,Crime|Drama|Thriller,Comedy|Drama,output_predictions/image_1175.jpg
1176,Drama|Thriller,Drama,output_predictions/image_1176.jpg
1177,Drama|Mystery|Sci-Fi,,output_predictions/image_1177.jpg
1178,Drama,Drama,output_predictions/image_1178.jpg
1179,Comedy|Fantasy|Horror,Comedy,output_predictions/image_1179.jpg
1180,Biography|Drama|Music,Drama,output_predictions/image_1180.jpg
1181,Crime|Drama|Thriller,Drama,output_predictions/image_1181.jpg
1182,Drama,Drama,output_predictions/image_1182.jpg
1183,Comedy|Romance,Comedy,output_predictions/image_1183.jpg
1184,Crime|Drama,Drama,output_predictions/image_1184.jpg
1185,Documentary,Drama,output_predictions/image_1185.jpg
1186,Comedy,Drama,output_predictions/image_1186.jpg
1187,Drama|Romance,Drama,output_predictions/image_1187.jpg
1188,Adventure|Animation|Comedy,Adventure|Animation|Comedy,output_predictions/image_1188.jpg
1189,Documentary,Comedy|Drama,output_predictions/image_1189.jpg
1190,Comedy,,output_predictions/image_1190.jpg
1191,Comedy,Comedy,output_predictions/image_1191.jpg
1192,Comedy|Crime|Music,Comedy|Drama,output_predictions/image_1192.jpg
1193,Comedy,Comedy,output_predictions/image_1193.jpg
1194,Crime|Drama|Romance,Drama,output_predictions/image_1194.jpg
1195,Comedy|Drama|Family,Adventure|Comedy,output_predictions/image_1195.jpg
1196,Action|Crime|Thriller,Crime|Drama,output_predictions/image_1196.jpg
1197,Drama|Sci-Fi,Drama,output_predictions/image_1197.jpg
1198,Horror|Romance|Thriller,Comedy|Drama,output_predictions/image_1198.jpg
1199,Action|Adventure|Fantasy,,output_predictions/image_1199.jpg
1200,Comedy|Fantasy,,output_predictions/image_1200.jpg
1201,Comedy,Action|Adventure,output_predictions/image_1201.jpg
1202,Drama,Comedy|Drama,output_predictions/image_1202.jpg
1203,Comedy|Romance,Comedy|Drama,output_predictions/image_1203.jpg
1204,Adventure|Animation|Comedy,Comedy,output_predictions/image_1204.jpg
1205,Comedy|Family,Comedy|Drama,output_predictions/image_1205.jpg
1206,Comedy|Romance,Comedy,output_predictions/image_1206.jpg
1207,Adventure|Comedy|Family,Adventure|Comedy,output_predictions/image_1207.jpg
1208,Action|Drama|Romance,Drama,output_predictions/image_1208.jpg
1209,Action|Adventure|Animation,Comedy,output_predictions/image_1209.jpg
1210,Documentary,Comedy|Drama,output_predictions/image_1210.jpg
1211,Crime|Drama|Thriller,Drama,output_predictions/image_1211.jpg
1212,Documentary,Comedy|Drama,output_predictions/image_1212.jpg
1213,Biography|Drama|Music,Drama,output_predictions/image_1213.jpg
1214,Comedy,Comedy|Drama,output_predictions/image_1214.jpg
1215,Biography|Drama,Drama,output_predictions/image_1215.jpg
1216,Comedy,Adventure|Comedy,output_predictions/image_1216.jpg
1217,Drama|War,Action|Adventure,output_predictions/image_1217.jpg
1218,Action|Crime|Drama,Drama,output_predictions/image_1218.jpg
1219,Crime|Drama|Thriller,,output_predictions/image_1219.jpg
1220,Documentary,Drama,output_predictions/image_1220.jpg
1221,Drama|Horror|Thriller,,output_predictions/image_1221.jpg
1222,Comedy|Musical|Romance,Comedy,output_predictions/image_1222.jpg
1223,Documentary,,output_predictions/image_1223.jpg
1224,Action|Comedy,Comedy,output_predictions/image_1224.jpg
1225,Adventure|Family,,output_predictions/image_1225.jpg
1226,Drama|Horror|Romance,,output_predictions/image_1226.jpg
1227,Action|Crime|Drama,Action,output_predictions/image_1227.jpg
1228,Animation|Comedy|Family,,output_predictions/image_1228.jpg
1229,Drama|Fantasy|Music,Drama,output_predictions/image_1229.jpg
1230,Action|Drama|Fantasy,Action|Adventure,output_predictions/image_1230.jpg
1231,Documentary,Comedy,output_predictions/image_1231.jpg
1232,Comedy|Drama|Romance,Drama,output_predictions/image_1232.jpg
1233,Comedy|Drama|Romance,Drama,output_predictions/image_1233.jpg
1234,Comedy|Drama|Romance,Comedy,output_predictions/image_1234.jpg
1235,Action|Adventure|Thriller,Drama,output_predictions/image_1235.jpg
1236,Biography|Drama|History,Drama,output_predictions/image_1236.jpg
1237,Documentary|Romance,,output_predictions/image_1237.jpg
1238,Drama|War,Drama,output_predictions/image_1238.jpg
1239,Documentary|Drama|News,Drama,output_predictions/image_1239.jpg
1240,Action|Sci-Fi|Thriller,Drama,output_predictions/image_1240.jpg
1241,Biography|Documentary|Music,,output_predictions/image_1241.jpg
1242,Documentary,Comedy,output_predictions/image_1242.jpg
1243,Adventure|Family|Fantasy,Action|Adventure,output_predictions/image_1243.jpg
1244,Animation|Family|Fantasy,Adventure|Comedy,output_predictions/image_1244.jpg
1245,Comedy|Romance,Comedy|Drama,output_predictions/image_1245.jpg
1246,Drama|Mystery,,output_predictions/image_1246.jpg
1247,Documentary,Drama,output_predictions/image_1247.jpg
1248,Action|Crime|Thriller,Action,output_predictions/image_1248.jpg
1249,Drama|Horror|Thriller,,output_predictions/image_1249.jpg
1250,Drama|Music,Comedy|Drama,output_predictions/image_1250.jpg
1251,Drama,Drama,output_predictions/image_1251.jpg
1252,Drama|Romance|War,Drama,output_predictions/image_1252.jpg
1253,Comedy|Drama|Fantasy,Comedy,output_predictions/image_1253.jpg
1254,Biography|Drama|History,Drama,output_predictions/image_1254.jpg
1255,Action|Adventure|Comedy,Adventure|Animation|Comedy,output_predictions/image_1255.jpg
1256,Comedy|Fantasy|Romance,Drama,output_predictions/image_1256.jpg
1257,Comedy|Drama|Romance,Comedy,output_predictions/image_1257.jpg
1258,Adventure|Fantasy,,output_predictions/image_1258.jpg
1259,Biography|Drama,Drama,output_predictions/image_1259.jpg
1260,Comedy|Drama|Romance,Comedy|Drama,output_predictions/image_1260.jpg
1261,Documentary,Comedy|Drama,output_predictions/image_1261.jpg
1262,Action|Crime|Drama,Drama,output_predictions/image_1262.jpg
1263,Biography|Documentary,Comedy|Drama,output_predictions/image_1263.jpg
1264,Action|Fantasy|Sci-Fi,,output_predictions/image_1264.jpg
1265,Drama|Horror,Drama,output_predictions/image_1265.jpg
1266,Fantasy|Horror|Thriller,Adventure,output_predictions/image_1266.jpg
1267,Musical,,output_predictions/image_1267.jpg
1268,Action|Drama,Drama,output_predictions/image_1268.jpg
1269,Comedy,Comedy,output_predictions/image_1269.jpg
1270,Action|Adventure,,output_predictions/image_1270.jpg
1271,Drama|Horror|Thriller,Drama,output_predictions/image_1271.jpg
1272,Crime|Drama,Comedy,output_predictions/image_1272.jpg
1273,Comedy|Drama,Comedy,output_predictions/image_1273.jpg
1274,Comedy,Comedy,output_predictions/image_1274.jpg
1275,Action|Sci-Fi,Comedy,output_predictions/image_1275.jpg
1276,Drama,Drama,output_predictions/image_1276.jpg
1277,Comedy|Drama|Romance,Adventure|Comedy,output_predictions/image_1277.jpg
1278,Comedy|Family|Sci-Fi,Comedy|Drama,output_predictions/image_1278.jpg
1279,Comedy|Romance,Comedy,output_predictions/image_1279.jpg
1280,Crime|Mystery|Thriller,Drama,output_predictions/image_1280.jpg
1281,Documentary|History,Drama,output_predictions/image_1281.jpg
1282,Comedy|Crime,Comedy|Drama,output_predictions/image_1282.jpg
1283,Drama|Music,Drama,output_predictions/image_1283.jpg
1284,Documentary|Sport,,output_predictions/image_1284.jpg
1285,Documentary,Drama,output_predictions/image_1285.jpg
1286,Comedy|Drama|Romance,Drama,output_predictions/image_1286.jpg
1287,Action|Drama|Thriller,Drama,output_predictions/image_1287.jpg
1288,Fantasy|Horror|Thriller,,output_predictions/image_1288.jpg
1289,Comedy|Crime,Comedy,output_predictions/image_1289.jpg
1290,Drama|Music|Romance,Drama,output_predictions/image_1290.jpg
1291,Drama,Drama,output_predictions/image_1291.jpg
1292,Documentary,,output_predictions/image_1292.jpg
1293,Documentary|History|War,Drama,output_predictions/image_1293.jpg
1294,Documentary,Drama,output_predictions/image_1294.jpg
1295,Action|Drama|Romance,Comedy,output_predictions/image_1295.jpg
1296,Adventure|Animation|Comedy,Adventure|Comedy,output_predictions/image_1296.jpg
1297,Comedy|Drama|Romance,Comedy|Drama,output_predictions/image_1297.jpg
1298,Comedy|Crime|Drama,Comedy,output_predictions/image_1298.jpg
1299,Drama,Drama,output_predictions/image_1299.jpg
1300,Comedy|Romance,Comedy,output_predictions/image_1300.jpg
1301,Drama|Music,Drama,output_predictions/image_1301.jpg
1302,Drama,Comedy|Drama,output_predictions/image_1302.jpg
1303,Comedy|Drama,Comedy|Drama,output_predictions/image_1303.jpg
1304,Comedy|Drama|Romance,Drama,output_predictions/image_1304.jpg
1305,Comedy|Music,Drama,output_predictions/image_1305.jpg
1306,Drama,Drama,output_predictions/image_1306.jpg
1307,Comedy|Western,Comedy,output_predictions/image_1307.jpg
1308,Comedy|Drama,Drama,output_predictions/image_1308.jpg
1309,Drama|Romance,Drama,output_predictions/image_1309.jpg
1310,Action|Comedy|Fantasy,,output_predictions/image_1310.jpg
1311,Drama,Drama,output_predictions/image_1311.jpg
1312,Comedy,Comedy,output_predictions/image_1312.jpg
1313,Adventure,Drama,output_predictions/image_1313.jpg
1314,Action|Comedy|Crime,,output_predictions/image_1314.jpg
1315,Comedy|Crime|Musical,Comedy|Drama,output_predictions/image_1315.jpg
1316,Comedy|Documentary|Musical,Drama,output_predictions/image_1316.jpg
1317,Comedy,Comedy|Drama,output_predictions/image_1317.jpg
1318,Biography|Drama|History,Drama,output_predictions/image_1318.jpg
1319,Drama|Romance,Drama,output_predictions/image_1319.jpg
1320,Drama,Drama,output_predictions/image_1320.jpg
1321,Comedy|Romance,Comedy,output_predictions/image_1321.jpg
1322,Drama|Romance,Drama|Romance,output_predictions/image_1322.jpg
1323,Drama|Thriller,Drama,output_predictions/image_1323.jpg
1324,Action|Crime|Drama,Drama,output_predictions/image_1324.jpg
1325,Action|Thriller,Drama,output_predictions/image_1325.jpg
1326,Adventure|Biography|Drama,Drama,output_predictions/image_1326.jpg
1327,Comedy|Drama,Comedy|Drama,output_predictions/image_1327.jpg
1328,Action|Crime|Drama,Drama,output_predictions/image_1328.jpg
1329,Adventure|Comedy|Family,Adventure|Comedy,output_predictions/image_1329.jpg
1330,Action|Adventure|Comedy,Comedy,output_predictions/image_1330.jpg
1331,Drama,,output_predictions/image_1331.jpg
1332,Documentary,Drama,output_predictions/image_1332.jpg
1333,Drama|Romance,Drama,output_predictions/image_1333.jpg
1334,Action|Biography|Drama,Drama,output_predictions/image_1334.jpg
1335,Comedy,Comedy,output_predictions/image_1335.jpg
1336,Action|Fantasy|Horror,Drama,output_predictions/image_1336.jpg
1337,Comedy|Romance|Sci-Fi,Comedy|Drama,output_predictions/image_1337.jpg
1338,Action|Sci-Fi,Action,output_predictions/image_1338.jpg
1339,Action|Adventure|Comedy,Adventure|Comedy,output_predictions/image_1339.jpg
1340,Drama|Mystery|Romance,Drama,output_predictions/image_1340.jpg
1341,Drama|Horror|Mystery,Drama,output_predictions/image_1341.jpg
1342,Comedy|Music|Romance,,output_predictions/image_1342.jpg
1343,Drama|Fantasy|Romance,Drama,output_predictions/image_1343.jpg
1344,Drama,Drama,output_predictions/image_1344.jpg
1345,Action|Comedy|Crime,Drama,output_predictions/image_1345.jpg
1346,Comedy|Crime|Mystery,Comedy,output_predictions/image_1346.jpg
1347,Comedy|Drama|Romance,Comedy|Drama,output_predictions/image_1347.jpg
1348,Drama|Thriller,Drama,output_predictions/image_1348.jpg
1349,Action|Comedy|Mystery,,output_predictions/image_1349.jpg
1350,Crime|Drama|Romance,Drama,output_predictions/image_1350.jpg
1351,Action|Adventure|Comedy,Adventure,output_predictions/image_1351.jpg
1352,Drama|War,Adventure,output_predictions/image_1352.jpg
1353,Comedy|Family|Fantasy,Adventure,output_predictions/image_1353.jpg
1354,Action|Crime|Drama,Drama,output_predictions/image_1354.jpg
1355,Documentary|Music,Comedy,output_predictions/image_1355.jpg
1356,Drama|Romance,Drama,output_predictions/image_1356.jpg
1357,Comedy,Comedy|Drama,output_predictions/image_1357.jpg
1358,Action|Comedy|Fantasy,,output_predictions/image_1358.jpg
1359,Mystery|Thriller,Drama,output_predictions/image_1359.jpg
1360,Documentary|History,Drama,output_predictions/image_1360.jpg
1361,Documentary,Drama,output_predictions/image_1361.jpg
1362,Documentary,,output_predictions/image_1362.jpg
1363,Action|Comedy|Family,Adventure|Animation|Comedy,output_predictions/image_1363.jpg
1364,Comedy|Romance,Comedy|Drama|Romance,output_predictions/image_1364.jpg
1365,Action|Adventure|Sci-Fi,,output_predictions/image_1365.jpg
1366,Adventure|Family|Fantasy,Action|Adventure,output_predictions/image_1366.jpg
1367,Comedy,Drama,output_predictions/image_1367.jpg
1368,Drama|Thriller|War,,output_predictions/image_1368.jpg
1369,Drama|Thriller,Comedy,output_predictions/image_1369.jpg
1370,Comedy|Drama,Drama,output_predictions/image_1370.jpg
1371,Action|Adventure|Drama,Adventure,output_predictions/image_1371.jpg
1372,Horror,,output_predictions/image_1372.jpg
1373,Adventure|Drama,Comedy,output_predictions/image_1373.jpg
1374,Action|Drama|Romance,,output_predictions/image_1374.jpg
1375,Crime|Drama|Mystery,Drama,output_predictions/image_1375.jpg
1376,Comedy|Drama,Comedy|Drama,output_predictions/image_1376.jpg
1377,Comedy|Drama|Romance,Drama,output_predictions/image_1377.jpg
1378,Comedy,Comedy,output_predictions/image_1378.jpg
1379,Adventure|Animation|Family,Adventure|Animation|Comedy,output_predictions/image_1379.jpg
1380,Comedy,Comedy|Drama,output_predictions/image_1380.jpg
1381,Documentary|Drama|Sport,Drama,output_predictions/image_1381.jpg
1382,Documentary,Drama,output_predictions/image_1382.jpg
1383,Adventure|Drama|Fantasy,Drama,output_predictions/image_1383.jpg
1384,Drama|Romance,Drama,output_predictions/image_1384.jpg
1385,Adventure|Animation|Sci-Fi,,output_predictions/image_1385.jpg
1386,Documentary,Drama,output_predictions/image_1386.jpg
1387,Action|Drama|War,Drama,output_predictions/image_1387.jpg
1388,Crime|Thriller,Action,output_predictions/image_1388.jpg
1389,Action|Drama|Sport,Adventure,output_predictions/image_1389.jpg
1390,Crime|Drama|Sport,Drama,output_predictions/image_1390.jpg
1391,Crime|Drama|Mystery,Drama,output_predictions/image_1391.jpg
1392,Comedy|Crime|Romance,Comedy|Drama,output_predictions/image_1392.jpg
1393,Comedy|Drama|Romance,Comedy|Drama,output_predictions/image_1393.jpg
1394,Drama,Comedy|Drama,output_predictions/image_1394.jpg
1395,Crime|Drama|Thriller,,output_predictions/image_1395.jpg
1396,Thriller,Action|Adventure,output_predictions/image_1396.jpg
1397,Comedy|Fantasy,Comedy,output_predictions/image_1397.jpg
1398,Action|Crime|Thriller,Drama,output_predictions/image_1398.jpg
1399,Action|Drama|Thriller,Drama,output_predictions/image_1399.jpg
1400,Drama|Romance|War,Drama,output_predictions/image_1400.jpg
1401,Comedy|Romance,Comedy|Drama,output_predictions/image_1401.jpg
1402,Action|Adventure|Crime,Action,output_predictions/image_1402.jpg
1403,Comedy|Drama,Comedy,output_predictions/image_1403.jpg
1404,Drama|Short,Drama,output_predictions/image_1404.jpg
1405,Comedy|Drama|Music,Comedy,output_predictions/image_1405.jpg
1406,Comedy|Romance,Comedy|Drama,output_predictions/image_1406.jpg
1407,Action|Adventure|Comedy,Comedy,output_predictions/image_1407.jpg
1408,Drama,Drama,output_predictions/image_1408.jpg
1409,N/A,,output_predictions/image_1409.jpg
1410,Comedy|Romance,Comedy|Drama,output_predictions/image_1410.jpg
1411,Drama|History,Comedy|Drama,output_predictions/image_1411.jpg
1412,Drama|Romance,Drama,output_predictions/image_1412.jpg
1413,Biography|Documentary|Drama,Drama,output_predictions/image_1413.jpg
1414,Biography|Documentary|History,Comedy,output_predictions/image_1414.jpg
1415,Documentary,Drama,output_predictions/image_1415.jpg
1416,Action,Adventure|Comedy,output_predictions/image_1416.jpg
1417,Animation|Comedy|Drama,Adventure|Animation|Comedy,output_predictions/image_1417.jpg
1418,Sci-Fi|Short,Drama,output_predictions/image_1418.jpg
1419,Drama,Comedy|Drama,output_predictions/image_1419.jpg
1420,Comedy|Drama|Romance,Drama,output_predictions/image_1420.jpg
1421,Comedy|Fantasy|Romance,Drama,output_predictions/image_1421.jpg
1422,Comedy|Fantasy|Romance,Drama,output_predictions/image_1422.jpg
1423,Crime|Drama|Thriller,,output_predictions/image_1423.jpg
1424,Drama|Mystery|Romance,Drama,output_predictions/image_1424.jpg
1425,Adventure|Drama|Fantasy,Drama,output_predictions/image_1425.jpg
1426,Adventure|Animation|Comedy,Comedy,output_predictions/image_1426.jpg
1427,Horror|Mystery|Thriller,Drama,output_predictions/image_1427.jpg
1428,Action|Horror|Sci-Fi,,output_predictions/image_1428.jpg
1429,Action|Comedy|Drama,Comedy,output_predictions/image_1429.jpg
1430,Drama|History|Romance,Drama,output_predictions/image_1430.jpg
1431,Crime|Drama,Comedy,output_predictions/image_1431.jpg
1432,Drama|Thriller,Drama,output_predictions/image_1432.jpg
1433,Adventure|Comedy|Drama,,output_predictions/image_1433.jpg
1434,Drama|Mystery|Thriller,Drama,output_predictions/image_1434.jpg
1435,Comedy|Drama,Drama,output_predictions/image_1435.jpg
1436,Action|Comedy|Drama,,output_predictions/image_1436.jpg
1437,Drama|Sci-Fi|Thriller,,output_predictions/image_1437.jpg
1438,Adventure|Family,Drama,output_predictions/image_1438.jpg
1439,Action|Comedy|Crime,Comedy,output_predictions/image_1439.jpg
1440,Adventure|Drama|Fantasy,Drama,output_predictions/image_1440.jpg
1441,Drama|Mystery|Romance,Drama,output_predictions/image_1441.jpg
1442,Action|Crime|Drama,Drama,output_predictions/image_1442.jpg
1443,Comedy|Romance,Comedy|Drama,output_predictions/image_1443.jpg
1444,Drama|Family,,output_predictions/image_1444.jpg
1445,Drama|Fantasy|Mystery,,output_predictions/image_1445.jpg
1446,Action|Crime|Thriller,Drama,output_predictions/image_1446.jpg
1447,Horror,Drama,output_predictions/image_1447.jpg
1448,Drama|Music,Drama,output_predictions/image_1448.jpg
1449,Biography|Drama|Sport,Comedy,output_predictions/image_1449.jpg
1450,Horror|Mystery|Thriller,,output_predictions/image_1450.jpg
